<?xml version="1.0" encoding="UTF-8"?>
<metadata>
    <name>[REP]Expansion Pack:The Glaze Ceremony</name>
    <directory>qing</directory>
    <id></id>
    <description>
	[h1]中文版介绍位于后方。详细说明请查看MOD文件夹下的四个document。[/h1]

	[h1]Welcome to my ceremory,friends.[/h1]
	Here, you can follow the pace of Qing, a brand new leading role in the basement, to explore the mysteries hidden under deep below.
	&quot;Bank? It seens so..&quot;
	&quot;Beneath the floor.. something hidden?&quot;
	&quot;Qing, can you help me?&quot;
	&quot;The power of the fefining.. I got it.&quot;
	....
	Here,you will listen to Isaac's heart voicd, seeking succour for your best friend.
	&quot;No! Never! When that boy leave..&quot;
	&quot;Truth manifest itself between virtual and real.&quot;
	&quot;You act like a pawn. I'm wondering why.&quot;
	&quot;Gth amt.asth oellma S&quot;
	&quot;Nice,elegant and perfect.&quot;
	....
	Here,you have to confront the evilest enemy you have ever faced. You have to fall into pale world to expel counterfeits.
	&quot;Junction ring to light and dark&quot;
	&quot;Collect them.Bring the power to me.&quot;
	&quot;Your name is W.Qing, the second generation of Self propelled weapon for operation&quot;
	&quot;I'm expiating sins.My friend...&quot;
	&quot;I won't interface more!You're on your own alone.&quot;
	&quot;What..What did I do!&quot;
	....
	To seek,to lure,to assassinate.Contradiction,entrustment,swooping in the weakness.
	To fool,to deceive,to mentally reform.Disappointment,pain,bearing the price.
	
	With 
	Finally a good end.
	
	[b]Features[/b]
	[list]
	[*] New characters：
		[list]
			[*] Qing,with his special dagger dealing damage to any foes.
				Press &quot;ALT&quot; to Dash when your dagger stick in your enemies. 
			[*] W.Qing,controlling drones to battle.Protect yourself well!
				Press &quot;Alt&quot; to alter the attack module.
				Press &quot;Ctrl&quot; to call back the marked target.
				Stand still in rooms for a period to manufacture a new drone.
		[/list]
	[*] The glaze has immersed the world so deep.A group of new pickups have showed up!.
		A lot more decision to make.
	[*] 50+ more items.
	[*] 10+ more challanges.(Yet To Done)
	[*] 3 new ends.(Yet To Done)
	[*] Achievement system.
	[*] 2 main bosses.2 branch line bosses.(Yet To Done)
	[/list]
	Supports EID,Mod Config Menu and other useful Mods.
	All the Keys mentioned above can be adjusted using Mod Config Menu.
	If you found any bug, you can report it in the discussions using English or Chinese!
	
	[h1]欢迎来到，即将染上琉璃的世界。[/h1]
	在这里，你将跟随一位新主角小青的脚步，去探索掩藏于地下室深处的秘密。
	“银行？似乎确实有听说过...”
	“木质地板..下面有什么吗？”
	“小青，能帮我个忙吗？”
	“不！我...”
	....
	在这里，你将聆听以撒的心声，为你最好的朋友寻找救济。
	“不！不行..上次之后，我们就已经破产了！”
	“停下！你..你这个纵火狂！”
	“虚与实之间，秘密自然显露。”
	“看来，你对自己被称为棋子很反感啊...”
	“部已我等们不它及全把经打碎”
	“很好，我喜欢这样的屠杀..”
	....
	在这里，你将直面最凶恶的敌人，为了破除虚妄而坠入苍白。
	“秘法·熔销光暗结”
	“收集他们，把力量交还给我。”
	“你是W.Qing，由我制造的第二型作战用自走兵器。”
	“我在赎罪..为了他...”
	“自便吧。欲寻疯狂，自沐月光。”
	“我..我做了些什么！”
	....
	寻觅、引诱、任务失败；矛盾、委托、趁虚而入。
	愚弄、欺骗、精神改造；失望、痛苦、承受代价。
	
	但是
	最终一定是好结局。
	为了所有人的幸福，击碎侵染世界的虹彩吧！
	
	[b]特色内容[/b]
	[list]
	[*] 全新的人物：
		[list]
			[*] 万青（表），灵巧地运用短剑带来全新的攻击方式。
				按&quot;Alt&quot;向标记的短剑进行冲刺。
			[*] 万青（里），操纵着浮游炮进行战斗。他的心智..还正常吗？
				按&quot;Alt&quot;切换攻击模式
				按&quot;Ctrl&quot;收回浮游炮专用准星。
				在房间中站定以制造新的浮游炮！
				需要用表角色通关回溯线完成结局1才能解锁。
		[/list]
	[*] 琉璃正在侵染世界，出现了一组全新的掉落物，以及更多被侵染的事物。
		从硬币到宝箱，一应俱全。
		大幅提升游戏性！
	[*] 50+个新增道具。
	[*] 10+个新增挑战。
		部分挑战尚未完成，寻找更多脑洞中...
		（某些挑战难度过高，有兴趣者可以尝试）
	[*] 3个新增结局。
		更多剧情故事。
	[*] 完整的成就系统。
	[*] 2个支线boss，2个最终boss。（最终boss暂时不能挑战，请耐心等待。）
	[*] 秘密彩蛋？
	[/list]
	
	[b]制作者的话[/b]
	支持EID、Modconfig menu等泛用mod。
	推荐在中文语言环境下游玩，不能保证英文版本的故事性完全一致。不能保证所有内容都存在英文版本对应。
	小青的瞬移按键Alt、里小青的控制按键Ctrl与Alt均可使用Modconfig menu进行调整。
	注意：完整版尚未完成。
	部分成就无法正常解锁。结局尚未完成。结局1已可用。
	在完整版完成制作后，将会重新上传到创意工坊。
	下次更新日期：6/25。
	发现重大bug的场合，将立刻提前更新。
	
	[b]目前：[/b]
	已经支持手柄进行游玩。由于作者不擅长使用手柄，如果各位有更好来操作表、里角色的攻击方式的想法，可以随时向我留言。
	支持鼠标进行游玩。可以用鼠标右键代替Alt按键操作。
	在较早的若干个版本中，中文字体在游戏中缺失。如果出现上述问题，请尝试重新订阅。
	出现黑屏，或是渲染错误的bug的情况下，请查看mod文件夹下方的《进入后黑屏的解决办法.docx》。按照所述方法处理，若仍无法解决问题，请联系作者或是直接在下方留言。
	
	[b]具体的角色、道具描述，可以参考mod文件下的Document。（仅有中文版本，无图，未完成项目没有记录在内。）[/b]
	
	[b]关于全成就[/b]
	[h1]不要忘了！！！里人物要解锁！！！[/h1]
	使用小青的表、里角色完成全部主线内容。
	使用小青完成结局1。
	使用所有角色完成结局2/3。（尚不可用）
	
	[b]一键全成就的方法：[/b]
	在Mod Config Menu中可以一键开启。
	或是：在控制台中输入：Qing Unlockall，即可一键全成就。（不区分大小写）
	
	[h1]更新日志[/h1]
	Version 1.7.2:
	内容较多，详细情况请查看更新日志。
	大部分时间都花在了白隙剑上，拖延了一段时间真是抱歉。
	
	注意！1.7.1更新涉及shader.xml内容。请再次出现黑屏情况者按照文档重新操作。
	
	下次更新预告：
	结局2的进度已延后。
	6.6666层，一个新的楼层即将加入游戏。
	秘密就潜伏在阴影之中。
	
	Meus 敬上！
	</description>
    <version>1.7.2</version>
    <visibility>Public</visibility>
    <tag id="Lua"/>
    <tag id="Items"/>
    <tag id="Active Items"/>
    <tag id="Cards"/>
    <tag id="Pickups"/>
    <tag id="Player Characters"/>
    <tag id="Familiars"/>
    <tag id="Babies"/>
    <tag id="Enemies"/>
    <tag id="Bosses"/>
    <tag id="Challenges"/>
    <tag id="Shaders"/>
</metadata>
