<?xml version="1.0" ?>
<rooms>
	<room variant="23501" name="Glazed_room" type="24" subtype="0" shape="8" width="26" height="14" difficulty="1" weight="0.0">
		<door exists="True" x="-1" y="3"/>
		<door exists="True" x="-1" y="10"/>
		<door exists="True" x="6" y="-1"/>
		<door exists="True" x="6" y="14"/>
		<door exists="True" x="19" y="-1"/>
		<door exists="True" x="19" y="14"/>
		<door exists="True" x="26" y="3"/>
		<door exists="True" x="26" y="10"/>
	</room>
	<room variant="23502" name="Treasury" type="20" subtype="0" shape="5" width="13" height="14" difficulty="1" weight="0.0">
		<door exists="True" x="6" y="-1"/>
		<door exists="False" x="6" y="14"/>
		<spawn x="4" y="0">
			<entity type="1930" variant="0" subtype="0" weight="1.0"/>
		</spawn>
		<spawn x="8" y="0">
			<entity type="1930" variant="0" subtype="0" weight="1.0"/>
		</spawn>
		<spawn x="4" y="1">
			<entity type="6" variant="4" subtype="0" weight="1.0"/>
		</spawn>
		<spawn x="5" y="1">
			<entity type="1930" variant="0" subtype="0" weight="1.0"/>
		</spawn>
		<spawn x="7" y="1">
			<entity type="1930" variant="0" subtype="0" weight="1.0"/>
		</spawn>
		<spawn x="8" y="1">
			<entity type="6" variant="4" subtype="0" weight="1.0"/>
		</spawn>
		<spawn x="5" y="2">
			<entity type="6" variant="4" subtype="0" weight="1.0"/>
		</spawn>
		<spawn x="6" y="2">
			<entity type="1930" variant="0" subtype="0" weight="1.0"/>
		</spawn>
		<spawn x="7" y="2">
			<entity type="6" variant="4" subtype="0" weight="1.0"/>
		</spawn>
		<spawn x="4" y="3">
			<entity type="3000" variant="0" subtype="0" weight="1.0"/>
		</spawn>
		<spawn x="5" y="3">
			<entity type="1901" variant="0" subtype="0" weight="1.0"/>
		</spawn>
		<spawn x="6" y="3">
			<entity type="1901" variant="0" subtype="0" weight="1.0"/>
		</spawn>
		<spawn x="7" y="3">
			<entity type="1901" variant="0" subtype="0" weight="1.0"/>
		</spawn>
		<spawn x="8" y="3">
			<entity type="292" variant="0" subtype="0" weight="1.0"/>
		</spawn>
		<spawn x="4" y="4">
			<entity type="6" variant="5" subtype="0" weight="1.0"/>
		</spawn>
		<spawn x="5" y="4">
			<entity type="4000" variant="0" subtype="0" weight="1.0"/>
		</spawn>
		<spawn x="6" y="4">
			<entity type="4000" variant="0" subtype="0" weight="1.0"/>
		</spawn>
		<spawn x="7" y="4">
			<entity type="4000" variant="0" subtype="0" weight="1.0"/>
		</spawn>
		<spawn x="8" y="4">
			<entity type="6" variant="9" subtype="0" weight="1.0"/>
		</spawn>
		<spawn x="4" y="5">
			<entity type="6" variant="9" subtype="0" weight="1.0"/>
		</spawn>
		<spawn x="5" y="5">
			<entity type="1901" variant="0" subtype="0" weight="1.0"/>
		</spawn>
		<spawn x="6" y="5">
			<entity type="1901" variant="0" subtype="0" weight="1.0"/>
		</spawn>
		<spawn x="7" y="5">
			<entity type="1901" variant="0" subtype="0" weight="1.0"/>
		</spawn>
		<spawn x="8" y="5">
			<entity type="1901" variant="0" subtype="0" weight="1.0"/>
		</spawn>
		<spawn x="4" y="6">
			<entity type="6" variant="5" subtype="0" weight="1.0"/>
		</spawn>
		<spawn x="5" y="6">
			<entity type="4000" variant="0" subtype="0" weight="1.0"/>
		</spawn>
		<spawn x="6" y="6">
			<entity type="4000" variant="0" subtype="0" weight="1.0"/>
		</spawn>
		<spawn x="7" y="6">
			<entity type="4000" variant="0" subtype="0" weight="1.0"/>
		</spawn>
		<spawn x="8" y="6">
			<entity type="5" variant="40" subtype="6" weight="1.0"/>
		</spawn>
		<spawn x="4" y="7">
			<entity type="1901" variant="0" subtype="0" weight="1.0"/>
		</spawn>
		<spawn x="5" y="7">
			<entity type="1901" variant="0" subtype="0" weight="1.0"/>
		</spawn>
		<spawn x="6" y="7">
			<entity type="1901" variant="0" subtype="0" weight="1.0"/>
		</spawn>
		<spawn x="7" y="7">
			<entity type="1901" variant="0" subtype="0" weight="1.0"/>
		</spawn>
		<spawn x="8" y="7">
			<entity type="4000" variant="0" subtype="0" weight="1.0"/>
		</spawn>
		<spawn x="4" y="8">
			<entity type="33" variant="4" subtype="0" weight="1.0"/>
		</spawn>
		<spawn x="5" y="8">
			<entity type="4000" variant="0" subtype="0" weight="1.0"/>
		</spawn>
		<spawn x="6" y="8">
			<entity type="4000" variant="0" subtype="0" weight="1.0"/>
		</spawn>
		<spawn x="7" y="8">
			<entity type="4000" variant="0" subtype="0" weight="1.0"/>
		</spawn>
		<spawn x="8" y="8">
			<entity type="5" variant="40" subtype="6" weight="1.0"/>
		</spawn>
		<spawn x="4" y="9">
			<entity type="4000" variant="0" subtype="0" weight="1.0"/>
		</spawn>
		<spawn x="5" y="9">
			<entity type="1901" variant="0" subtype="0" weight="1.0"/>
		</spawn>
		<spawn x="6" y="9">
			<entity type="1901" variant="0" subtype="0" weight="1.0"/>
		</spawn>
		<spawn x="7" y="9">
			<entity type="1901" variant="0" subtype="0" weight="1.0"/>
		</spawn>
		<spawn x="8" y="9">
			<entity type="1901" variant="0" subtype="0" weight="1.0"/>
		</spawn>
		<spawn x="4" y="10">
			<entity type="1496" variant="0" subtype="0" weight="1.0"/>
		</spawn>
		<spawn x="5" y="10">
			<entity type="4500" variant="1" subtype="0" weight="1.0"/>
		</spawn>
		<spawn x="6" y="10">
			<entity type="1496" variant="0" subtype="0" weight="1.0"/>
		</spawn>
		<spawn x="7" y="10">
			<entity type="4500" variant="1" subtype="0" weight="1.0"/>
		</spawn>
		<spawn x="8" y="10">
			<entity type="1496" variant="0" subtype="0" weight="1.0"/>
		</spawn>
		<spawn x="4" y="11">
			<entity type="4500" variant="1" subtype="0" weight="1.0"/>
		</spawn>
		<spawn x="5" y="11">
			<entity type="1490" variant="0" subtype="0" weight="1.0"/>
		</spawn>
		<spawn x="6" y="11">
			<entity type="1496" variant="0" subtype="0" weight="1.0"/>
		</spawn>
		<spawn x="7" y="11">
			<entity type="1490" variant="0" subtype="0" weight="1.0"/>
		</spawn>
		<spawn x="8" y="11">
			<entity type="4500" variant="1" subtype="0" weight="1.0"/>
		</spawn>
		<spawn x="4" y="12">
			<entity type="4500" variant="1" subtype="0" weight="1.0"/>
		</spawn>
		<spawn x="5" y="12">
			<entity type="1496" variant="0" subtype="0" weight="1.0"/>
		</spawn>
		<spawn x="7" y="12">
			<entity type="1496" variant="0" subtype="0" weight="1.0"/>
		</spawn>
		<spawn x="8" y="12">
			<entity type="4500" variant="1" subtype="0" weight="1.0"/>
		</spawn>
		<spawn x="4" y="13">
			<entity type="1496" variant="0" subtype="0" weight="1.0"/>
		</spawn>
		<spawn x="5" y="13">
			<entity type="1490" variant="0" subtype="0" weight="1.0"/>
			<entity type="1496" variant="0" subtype="0" weight="1.0"/>
		</spawn>
		<spawn x="7" y="13">
			<entity type="1490" variant="0" subtype="0" weight="1.0"/>
			<entity type="1496" variant="0" subtype="0" weight="1.0"/>
		</spawn>
		<spawn x="8" y="13">
			<entity type="1496" variant="0" subtype="0" weight="1.0"/>
		</spawn>
	</room>
	<room variant="23520" name="Treasury" type="20" subtype="0" shape="5" width="13" height="14" difficulty="1" weight="0.0">
		<door exists="True" x="6" y="-1"/>
		<door exists="False" x="6" y="14"/>
		<spawn x="4" y="0">
			<entity type="1496" variant="0" subtype="0" weight="1.0"/>
		</spawn>
		<spawn x="5" y="0">
			<entity type="17" variant="1" subtype="0" weight="1.0"/>
		</spawn>
		<spawn x="7" y="0">
			<entity type="17" variant="1" subtype="0" weight="1.0"/>
		</spawn>
		<spawn x="8" y="0">
			<entity type="1496" variant="0" subtype="0" weight="1.0"/>
		</spawn>
		<spawn x="4" y="1">
			<entity type="17" variant="0" subtype="0" weight="1.0"/>
		</spawn>
		<spawn x="5" y="1">
			<entity type="17" variant="4" subtype="0" weight="1.0"/>
		</spawn>
		<spawn x="6" y="1">
			<entity type="1496" variant="0" subtype="0" weight="1.0"/>
		</spawn>
		<spawn x="7" y="1">
			<entity type="17" variant="4" subtype="0" weight="1.0"/>
		</spawn>
		<spawn x="8" y="1">
			<entity type="17" variant="0" subtype="0" weight="1.0"/>
		</spawn>
		<spawn x="4" y="2">
			<entity type="17" variant="0" subtype="0" weight="1.0"/>
		</spawn>
		<spawn x="5" y="2">
			<entity type="1496" variant="0" subtype="0" weight="1.0"/>
		</spawn>
		<spawn x="7" y="2">
			<entity type="1496" variant="0" subtype="0" weight="1.0"/>
		</spawn>
		<spawn x="8" y="2">
			<entity type="17" variant="0" subtype="0" weight="1.0"/>
		</spawn>
		<spawn x="4" y="3">
			<entity type="17" variant="0" subtype="0" weight="1.0"/>
		</spawn>
		<spawn x="6" y="3">
			<entity type="1496" variant="0" subtype="0" weight="1.0"/>
		</spawn>
		<spawn x="8" y="3">
			<entity type="17" variant="0" subtype="0" weight="1.0"/>
		</spawn>
		<spawn x="4" y="4">
			<entity type="17" variant="3" subtype="0" weight="1.0"/>
		</spawn>
		<spawn x="6" y="4">
			<entity type="1496" variant="0" subtype="0" weight="1.0"/>
		</spawn>
		<spawn x="8" y="4">
			<entity type="17" variant="3" subtype="0" weight="1.0"/>
		</spawn>
		<spawn x="4" y="5">
			<entity type="17" variant="3" subtype="0" weight="1.0"/>
		</spawn>
		<spawn x="5" y="5">
			<entity type="1496" variant="0" subtype="0" weight="1.0"/>
		</spawn>
		<spawn x="6" y="5">
			<entity type="1496" variant="0" subtype="0" weight="1.0"/>
		</spawn>
		<spawn x="7" y="5">
			<entity type="1496" variant="0" subtype="0" weight="1.0"/>
		</spawn>
		<spawn x="8" y="5">
			<entity type="17" variant="3" subtype="0" weight="1.0"/>
		</spawn>
		<spawn x="4" y="6">
			<entity type="17" variant="3" subtype="0" weight="1.0"/>
		</spawn>
		<spawn x="6" y="6">
			<entity type="1496" variant="0" subtype="0" weight="1.0"/>
		</spawn>
		<spawn x="8" y="6">
			<entity type="17" variant="3" subtype="0" weight="1.0"/>
		</spawn>
		<spawn x="4" y="7">
			<entity type="1496" variant="0" subtype="0" weight="1.0"/>
		</spawn>
		<spawn x="6" y="7">
			<entity type="1496" variant="0" subtype="0" weight="1.0"/>
		</spawn>
		<spawn x="8" y="7">
			<entity type="1496" variant="0" subtype="0" weight="1.0"/>
		</spawn>
		<spawn x="5" y="8">
			<entity type="1496" variant="0" subtype="0" weight="1.0"/>
		</spawn>
		<spawn x="6" y="8">
			<entity type="1496" variant="0" subtype="0" weight="1.0"/>
		</spawn>
		<spawn x="7" y="8">
			<entity type="1496" variant="0" subtype="0" weight="1.0"/>
		</spawn>
		<spawn x="4" y="9">
			<entity type="6" variant="10" subtype="0" weight="1.0"/>
		</spawn>
		<spawn x="8" y="9">
			<entity type="6" variant="10" subtype="0" weight="1.0"/>
		</spawn>
		<spawn x="4" y="10">
			<entity type="1496" variant="0" subtype="0" weight="1.0"/>
		</spawn>
		<spawn x="6" y="10">
			<entity type="6" variant="10" subtype="0" weight="1.0"/>
		</spawn>
		<spawn x="8" y="10">
			<entity type="1496" variant="0" subtype="0" weight="1.0"/>
		</spawn>
		<spawn x="4" y="11">
			<entity type="1496" variant="0" subtype="0" weight="1.0"/>
		</spawn>
		<spawn x="5" y="11">
			<entity type="1496" variant="0" subtype="0" weight="1.0"/>
		</spawn>
		<spawn x="6" y="11">
			<entity type="1496" variant="0" subtype="0" weight="1.0"/>
		</spawn>
		<spawn x="7" y="11">
			<entity type="1496" variant="0" subtype="0" weight="1.0"/>
		</spawn>
		<spawn x="8" y="11">
			<entity type="1496" variant="0" subtype="0" weight="1.0"/>
		</spawn>
		<spawn x="4" y="12">
			<entity type="1496" variant="0" subtype="0" weight="1.0"/>
		</spawn>
		<spawn x="5" y="12">
			<entity type="1496" variant="0" subtype="0" weight="1.0"/>
		</spawn>
		<spawn x="7" y="12">
			<entity type="1496" variant="0" subtype="0" weight="1.0"/>
		</spawn>
		<spawn x="8" y="12">
			<entity type="1496" variant="0" subtype="0" weight="1.0"/>
		</spawn>
		<spawn x="4" y="13">
			<entity type="1496" variant="0" subtype="0" weight="1.0"/>
		</spawn>
		<spawn x="8" y="13">
			<entity type="1496" variant="0" subtype="0" weight="1.0"/>
		</spawn>
	</room>
	<room variant="23503" name="Bank_Emperor" type="9" subtype="0" shape="4" width="13" height="14" difficulty="2" weight="0.0">
		<door exists="False" x="-1" y="3"/>
		<door exists="False" x="-1" y="10"/>
		<door exists="True" x="6" y="-1"/>
		<door exists="True" x="6" y="14"/>
		<door exists="False" x="13" y="3"/>
		<door exists="False" x="13" y="10"/>
		<spawn x="2" y="2">
			<entity type="1901" variant="0" subtype="0" weight="1.0"/>
		</spawn>
		<spawn x="10" y="2">
			<entity type="1901" variant="0" subtype="0" weight="1.0"/>
		</spawn>
		<spawn x="2" y="3">
			<entity type="17" variant="1" subtype="0" weight="1.0"/>
		</spawn>
		<spawn x="10" y="3">
			<entity type="17" variant="1" subtype="0" weight="1.0"/>
		</spawn>
		<spawn x="6" y="5">
			<entity type="1901" variant="0" subtype="0" weight="1.0"/>
		</spawn>
		<spawn x="6" y="6">
			<entity type="17" variant="4" subtype="0" weight="1.0"/>
		</spawn>
		<spawn x="6" y="8">
			<entity type="1901" variant="0" subtype="0" weight="1.0"/>
		</spawn>
		<spawn x="6" y="9">
			<entity type="17" variant="4" subtype="0" weight="1.0"/>
		</spawn>
		<spawn x="2" y="11">
			<entity type="1901" variant="0" subtype="0" weight="1.0"/>
		</spawn>
		<spawn x="10" y="11">
			<entity type="1901" variant="0" subtype="0" weight="1.0"/>
		</spawn>
		<spawn x="2" y="12">
			<entity type="17" variant="1" subtype="0" weight="1.0"/>
		</spawn>
		<spawn x="10" y="12">
			<entity type="17" variant="1" subtype="0" weight="1.0"/>
		</spawn>
	</room>
	<room variant="23504" name="Bank_Capitalist" type="9" subtype="0" shape="3" width="13" height="7" difficulty="2" weight="0.0">
		<door exists="True" x="6" y="-1"/>
		<door exists="True" x="6" y="7"/>
		<spawn x="4" y="0">
			<entity type="3000" variant="0" subtype="0" weight="1.0"/>
		</spawn>
		<spawn x="5" y="0">
			<entity type="3000" variant="0" subtype="0" weight="1.0"/>
		</spawn>
		<spawn x="7" y="0">
			<entity type="3000" variant="0" subtype="0" weight="1.0"/>
		</spawn>
		<spawn x="8" y="0">
			<entity type="3000" variant="0" subtype="0" weight="1.0"/>
		</spawn>
		<spawn x="4" y="1">
			<entity type="3000" variant="0" subtype="0" weight="1.0"/>
		</spawn>
		<spawn x="8" y="1">
			<entity type="3000" variant="0" subtype="0" weight="1.0"/>
		</spawn>
		<spawn x="4" y="5">
			<entity type="3000" variant="0" subtype="0" weight="1.0"/>
		</spawn>
		<spawn x="8" y="5">
			<entity type="3000" variant="0" subtype="0" weight="1.0"/>
		</spawn>
		<spawn x="4" y="6">
			<entity type="3000" variant="0" subtype="0" weight="1.0"/>
		</spawn>
		<spawn x="5" y="6">
			<entity type="3000" variant="0" subtype="0" weight="1.0"/>
		</spawn>
		<spawn x="7" y="6">
			<entity type="3000" variant="0" subtype="0" weight="1.0"/>
		</spawn>
		<spawn x="8" y="6">
			<entity type="3000" variant="0" subtype="0" weight="1.0"/>
		</spawn>
	</room>
	<room variant="23505" name="Bank_Corridor" type="9" subtype="0" shape="8" width="26" height="14" difficulty="2" weight="0.0">
		<door exists="False" x="-1" y="3"/>
		<door exists="False" x="-1" y="10"/>
		<door exists="True" x="6" y="-1"/>
		<door exists="False" x="6" y="14"/>
		<door exists="False" x="19" y="-1"/>
		<door exists="False" x="19" y="14"/>
		<door exists="False" x="26" y="3"/>
		<door exists="False" x="26" y="10"/>
		<spawn x="8" y="0">
			<entity type="809" variant="0" subtype="0" weight="1.0"/>
		</spawn>
		<spawn x="16" y="0">
			<entity type="809" variant="0" subtype="0" weight="1.0"/>
		</spawn>
		<spawn x="4" y="3">
			<entity type="809" variant="0" subtype="0" weight="1.0"/>
		</spawn>
		<spawn x="12" y="3">
			<entity type="809" variant="0" subtype="0" weight="1.0"/>
		</spawn>
		<spawn x="20" y="3">
			<entity type="809" variant="0" subtype="0" weight="1.0"/>
		</spawn>
		<spawn x="0" y="6">
			<entity type="809" variant="0" subtype="0" weight="1.0"/>
		</spawn>
		<spawn x="12" y="6">
			<entity type="809" variant="0" subtype="0" weight="1.0"/>
		</spawn>
		<spawn x="25" y="6">
			<entity type="809" variant="0" subtype="0" weight="1.0"/>
		</spawn>
		<spawn x="4" y="10">
			<entity type="809" variant="0" subtype="0" weight="1.0"/>
		</spawn>
		<spawn x="12" y="10">
			<entity type="809" variant="0" subtype="0" weight="1.0"/>
		</spawn>
		<spawn x="20" y="10">
			<entity type="809" variant="0" subtype="0" weight="1.0"/>
		</spawn>
		<spawn x="8" y="13">
			<entity type="809" variant="0" subtype="0" weight="1.0"/>
		</spawn>
		<spawn x="16" y="13">
			<entity type="809" variant="0" subtype="0" weight="1.0"/>
		</spawn>
	</room>
	<room variant="23506" name="Bank_Corridor_2" type="9" subtype="0" shape="8" width="26" height="14" difficulty="2" weight="0.0">
		<door exists="False" x="-1" y="3"/>
		<door exists="False" x="-1" y="10"/>
		<door exists="True" x="6" y="-1"/>
		<door exists="False" x="6" y="14"/>
		<door exists="False" x="19" y="-1"/>
		<door exists="False" x="19" y="14"/>
		<door exists="False" x="26" y="3"/>
		<door exists="False" x="26" y="10"/>
		<spawn x="0" y="0">
			<entity type="203" variant="0" subtype="2" weight="1.0"/>
		</spawn>
		<spawn x="2" y="0">
			<entity type="1900" variant="0" subtype="0" weight="1.0"/>
		</spawn>
		<spawn x="8" y="0">
			<entity type="3000" variant="0" subtype="0" weight="1.0"/>
		</spawn>
		<spawn x="9" y="0">
			<entity type="3000" variant="0" subtype="0" weight="1.0"/>
		</spawn>
		<spawn x="14" y="0">
			<entity type="3000" variant="0" subtype="0" weight="1.0"/>
		</spawn>
		<spawn x="15" y="0">
			<entity type="3000" variant="0" subtype="0" weight="1.0"/>
		</spawn>
		<spawn x="16" y="0">
			<entity type="3000" variant="0" subtype="0" weight="1.0"/>
		</spawn>
		<spawn x="17" y="0">
			<entity type="3000" variant="0" subtype="0" weight="1.0"/>
		</spawn>
		<spawn x="18" y="0">
			<entity type="3000" variant="0" subtype="0" weight="1.0"/>
		</spawn>
		<spawn x="19" y="0">
			<entity type="3000" variant="0" subtype="0" weight="1.0"/>
		</spawn>
		<spawn x="20" y="0">
			<entity type="3000" variant="0" subtype="0" weight="1.0"/>
		</spawn>
		<spawn x="21" y="0">
			<entity type="3000" variant="0" subtype="0" weight="1.0"/>
		</spawn>
		<spawn x="22" y="0">
			<entity type="3000" variant="0" subtype="0" weight="1.0"/>
		</spawn>
		<spawn x="23" y="0">
			<entity type="3000" variant="0" subtype="0" weight="1.0"/>
		</spawn>
		<spawn x="24" y="0">
			<entity type="3000" variant="0" subtype="0" weight="1.0"/>
		</spawn>
		<spawn x="2" y="1">
			<entity type="1900" variant="0" subtype="0" weight="1.0"/>
		</spawn>
		<spawn x="4" y="1">
			<entity type="3000" variant="0" subtype="0" weight="1.0"/>
		</spawn>
		<spawn x="5" y="1">
			<entity type="3000" variant="0" subtype="0" weight="1.0"/>
		</spawn>
		<spawn x="6" y="1">
			<entity type="3000" variant="0" subtype="0" weight="1.0"/>
		</spawn>
		<spawn x="7" y="1">
			<entity type="3000" variant="0" subtype="0" weight="1.0"/>
		</spawn>
		<spawn x="8" y="1">
			<entity type="3000" variant="0" subtype="0" weight="1.0"/>
		</spawn>
		<spawn x="11" y="1">
			<entity type="3000" variant="0" subtype="0" weight="1.0"/>
		</spawn>
		<spawn x="12" y="1">
			<entity type="3000" variant="0" subtype="0" weight="1.0"/>
		</spawn>
		<spawn x="15" y="1">
			<entity type="9100" variant="0" subtype="0" weight="1.0"/>
		</spawn>
		<spawn x="16" y="1">
			<entity type="3000" variant="0" subtype="0" weight="1.0"/>
		</spawn>
		<spawn x="20" y="1">
			<entity type="3000" variant="0" subtype="0" weight="1.0"/>
		</spawn>
		<spawn x="21" y="1">
			<entity type="4500" variant="10" subtype="0" weight="1.0"/>
		</spawn>
		<spawn x="23" y="1">
			<entity type="3000" variant="0" subtype="0" weight="1.0"/>
		</spawn>
		<spawn x="24" y="1">
			<entity type="3000" variant="0" subtype="0" weight="1.0"/>
		</spawn>
		<spawn x="0" y="2">
			<entity type="6000" variant="9" subtype="0" weight="1.0"/>
		</spawn>
		<spawn x="2" y="2">
			<entity type="1900" variant="0" subtype="0" weight="1.0"/>
		</spawn>
		<spawn x="3" y="2">
			<entity type="1940" variant="0" subtype="0" weight="1.0"/>
		</spawn>
		<spawn x="4" y="2">
			<entity type="3000" variant="0" subtype="0" weight="1.0"/>
		</spawn>
		<spawn x="7" y="2">
			<entity type="3000" variant="0" subtype="0" weight="1.0"/>
		</spawn>
		<spawn x="10" y="2">
			<entity type="3000" variant="0" subtype="0" weight="1.0"/>
		</spawn>
		<spawn x="11" y="2">
			<entity type="3000" variant="0" subtype="0" weight="1.0"/>
		</spawn>
		<spawn x="12" y="2">
			<entity type="3000" variant="0" subtype="0" weight="1.0"/>
		</spawn>
		<spawn x="13" y="2">
			<entity type="3000" variant="0" subtype="0" weight="1.0"/>
		</spawn>
		<spawn x="14" y="2">
			<entity type="3000" variant="0" subtype="0" weight="1.0"/>
		</spawn>
		<spawn x="15" y="2">
			<entity type="3000" variant="0" subtype="0" weight="1.0"/>
		</spawn>
		<spawn x="16" y="2">
			<entity type="3000" variant="0" subtype="0" weight="1.0"/>
		</spawn>
		<spawn x="17" y="2">
			<entity type="3000" variant="0" subtype="0" weight="1.0"/>
		</spawn>
		<spawn x="18" y="2">
			<entity type="3000" variant="0" subtype="0" weight="1.0"/>
		</spawn>
		<spawn x="20" y="2">
			<entity type="3000" variant="0" subtype="0" weight="1.0"/>
		</spawn>
		<spawn x="21" y="2">
			<entity type="3000" variant="0" subtype="0" weight="1.0"/>
		</spawn>
		<spawn x="23" y="2">
			<entity type="3000" variant="0" subtype="0" weight="1.0"/>
		</spawn>
		<spawn x="24" y="2">
			<entity type="3000" variant="0" subtype="0" weight="1.0"/>
		</spawn>
		<spawn x="0" y="3">
			<entity type="6000" variant="17" subtype="0" weight="1.0"/>
		</spawn>
		<spawn x="1" y="3">
			<entity type="203" variant="0" subtype="2" weight="1.0"/>
		</spawn>
		<spawn x="2" y="3">
			<entity type="1900" variant="0" subtype="0" weight="1.0"/>
		</spawn>
		<spawn x="3" y="3">
			<entity type="1940" variant="0" subtype="0" weight="1.0"/>
		</spawn>
		<spawn x="4" y="3">
			<entity type="3000" variant="0" subtype="0" weight="1.0"/>
		</spawn>
		<spawn x="13" y="3">
			<entity type="969" variant="1" subtype="0" weight="1.0"/>
		</spawn>
		<spawn x="14" y="3">
			<entity type="3009" variant="0" subtype="0" weight="1.0"/>
		</spawn>
		<spawn x="21" y="3">
			<entity type="3000" variant="0" subtype="0" weight="1.0"/>
		</spawn>
		<spawn x="0" y="4">
			<entity type="6000" variant="10" subtype="0" weight="1.0"/>
		</spawn>
		<spawn x="2" y="4">
			<entity type="1900" variant="0" subtype="0" weight="1.0"/>
		</spawn>
		<spawn x="4" y="4">
			<entity type="3000" variant="0" subtype="0" weight="1.0"/>
		</spawn>
		<spawn x="5" y="4">
			<entity type="3000" variant="0" subtype="0" weight="1.0"/>
		</spawn>
		<spawn x="6" y="4">
			<entity type="3000" variant="0" subtype="0" weight="1.0"/>
		</spawn>
		<spawn x="8" y="4">
			<entity type="3000" variant="0" subtype="0" weight="1.0"/>
		</spawn>
		<spawn x="9" y="4">
			<entity type="3000" variant="0" subtype="0" weight="1.0"/>
		</spawn>
		<spawn x="10" y="4">
			<entity type="3000" variant="0" subtype="0" weight="1.0"/>
		</spawn>
		<spawn x="11" y="4">
			<entity type="3000" variant="0" subtype="0" weight="1.0"/>
		</spawn>
		<spawn x="12" y="4">
			<entity type="969" variant="0" subtype="0" weight="1.0"/>
		</spawn>
		<spawn x="13" y="4">
			<entity type="3000" variant="0" subtype="0" weight="1.0"/>
		</spawn>
		<spawn x="14" y="4">
			<entity type="3000" variant="0" subtype="0" weight="1.0"/>
		</spawn>
		<spawn x="16" y="4">
			<entity type="3000" variant="0" subtype="0" weight="1.0"/>
		</spawn>
		<spawn x="18" y="4">
			<entity type="3000" variant="0" subtype="0" weight="1.0"/>
		</spawn>
		<spawn x="20" y="4">
			<entity type="3000" variant="0" subtype="0" weight="1.0"/>
		</spawn>
		<spawn x="21" y="4">
			<entity type="3000" variant="0" subtype="0" weight="1.0"/>
		</spawn>
		<spawn x="22" y="4">
			<entity type="3000" variant="0" subtype="0" weight="1.0"/>
		</spawn>
		<spawn x="23" y="4">
			<entity type="3000" variant="0" subtype="0" weight="1.0"/>
		</spawn>
		<spawn x="24" y="4">
			<entity type="3000" variant="0" subtype="0" weight="1.0"/>
		</spawn>
		<spawn x="2" y="5">
			<entity type="1900" variant="0" subtype="0" weight="1.0"/>
		</spawn>
		<spawn x="6" y="5">
			<entity type="3000" variant="0" subtype="0" weight="1.0"/>
		</spawn>
		<spawn x="7" y="5">
			<entity type="3000" variant="0" subtype="0" weight="1.0"/>
		</spawn>
		<spawn x="12" y="5">
			<entity type="3000" variant="0" subtype="0" weight="1.0"/>
		</spawn>
		<spawn x="13" y="5">
			<entity type="3009" variant="0" subtype="0" weight="1.0"/>
		</spawn>
		<spawn x="14" y="5">
			<entity type="3009" variant="0" subtype="0" weight="1.0"/>
		</spawn>
		<spawn x="15" y="5">
			<entity type="969" variant="0" subtype="0" weight="1.0"/>
		</spawn>
		<spawn x="17" y="5">
			<entity type="3000" variant="0" subtype="0" weight="1.0"/>
		</spawn>
		<spawn x="18" y="5">
			<entity type="4500" variant="11" subtype="0" weight="1.0"/>
		</spawn>
		<spawn x="19" y="5">
			<entity type="969" variant="1" subtype="0" weight="1.0"/>
		</spawn>
		<spawn x="20" y="5">
			<entity type="3009" variant="0" subtype="0" weight="1.0"/>
		</spawn>
		<spawn x="22" y="5">
			<entity type="1940" variant="0" subtype="0" weight="1.0"/>
		</spawn>
		<spawn x="24" y="5">
			<entity type="1940" variant="0" subtype="0" weight="1.0"/>
		</spawn>
		<spawn x="0" y="6">
			<entity type="6000" variant="9" subtype="0" weight="1.0"/>
		</spawn>
		<spawn x="2" y="6">
			<entity type="1900" variant="0" subtype="0" weight="1.0"/>
		</spawn>
		<spawn x="4" y="6">
			<entity type="3000" variant="0" subtype="0" weight="1.0"/>
		</spawn>
		<spawn x="5" y="6">
			<entity type="3000" variant="0" subtype="0" weight="1.0"/>
		</spawn>
		<spawn x="6" y="6">
			<entity type="3000" variant="0" subtype="0" weight="1.0"/>
		</spawn>
		<spawn x="8" y="6">
			<entity type="3000" variant="0" subtype="0" weight="1.0"/>
		</spawn>
		<spawn x="9" y="6">
			<entity type="3000" variant="0" subtype="0" weight="1.0"/>
		</spawn>
		<spawn x="12" y="6">
			<entity type="3000" variant="0" subtype="0" weight="1.0"/>
		</spawn>
		<spawn x="13" y="6">
			<entity type="3000" variant="0" subtype="0" weight="1.0"/>
		</spawn>
		<spawn x="14" y="6">
			<entity type="3000" variant="0" subtype="0" weight="1.0"/>
		</spawn>
		<spawn x="16" y="6">
			<entity type="3000" variant="0" subtype="0" weight="1.0"/>
		</spawn>
		<spawn x="18" y="6">
			<entity type="3000" variant="0" subtype="0" weight="1.0"/>
		</spawn>
		<spawn x="19" y="6">
			<entity type="3000" variant="0" subtype="0" weight="1.0"/>
		</spawn>
		<spawn x="20" y="6">
			<entity type="3000" variant="0" subtype="0" weight="1.0"/>
		</spawn>
		<spawn x="21" y="6">
			<entity type="3009" variant="0" subtype="0" weight="1.0"/>
		</spawn>
		<spawn x="22" y="6">
			<entity type="3000" variant="0" subtype="0" weight="1.0"/>
		</spawn>
		<spawn x="23" y="6">
			<entity type="3000" variant="0" subtype="0" weight="1.0"/>
		</spawn>
		<spawn x="24" y="6">
			<entity type="3000" variant="0" subtype="0" weight="1.0"/>
		</spawn>
		<spawn x="0" y="7">
			<entity type="6000" variant="17" subtype="0" weight="1.0"/>
		</spawn>
		<spawn x="1" y="7">
			<entity type="203" variant="0" subtype="2" weight="1.0"/>
		</spawn>
		<spawn x="2" y="7">
			<entity type="1900" variant="0" subtype="0" weight="1.0"/>
		</spawn>
		<spawn x="3" y="7">
			<entity type="1940" variant="0" subtype="0" weight="1.0"/>
		</spawn>
		<spawn x="4" y="7">
			<entity type="3000" variant="0" subtype="0" weight="1.0"/>
		</spawn>
		<spawn x="14" y="7">
			<entity type="3000" variant="0" subtype="0" weight="1.0"/>
		</spawn>
		<spawn x="21" y="7">
			<entity type="969" variant="0" subtype="0" weight="1.0"/>
		</spawn>
		<spawn x="0" y="8">
			<entity type="6000" variant="10" subtype="0" weight="1.0"/>
		</spawn>
		<spawn x="2" y="8">
			<entity type="1900" variant="0" subtype="0" weight="1.0"/>
		</spawn>
		<spawn x="3" y="8">
			<entity type="1940" variant="0" subtype="0" weight="1.0"/>
		</spawn>
		<spawn x="4" y="8">
			<entity type="3000" variant="0" subtype="0" weight="1.0"/>
		</spawn>
		<spawn x="5" y="8">
			<entity type="3000" variant="0" subtype="0" weight="1.0"/>
		</spawn>
		<spawn x="6" y="8">
			<entity type="3000" variant="0" subtype="0" weight="1.0"/>
		</spawn>
		<spawn x="7" y="8">
			<entity type="3000" variant="0" subtype="0" weight="1.0"/>
		</spawn>
		<spawn x="9" y="8">
			<entity type="3000" variant="0" subtype="0" weight="1.0"/>
		</spawn>
		<spawn x="10" y="8">
			<entity type="3000" variant="0" subtype="0" weight="1.0"/>
		</spawn>
		<spawn x="13" y="8">
			<entity type="3000" variant="0" subtype="0" weight="1.0"/>
		</spawn>
		<spawn x="14" y="8">
			<entity type="3000" variant="0" subtype="0" weight="1.0"/>
		</spawn>
		<spawn x="15" y="8">
			<entity type="3000" variant="0" subtype="0" weight="1.0"/>
		</spawn>
		<spawn x="16" y="8">
			<entity type="3000" variant="0" subtype="0" weight="1.0"/>
		</spawn>
		<spawn x="17" y="8">
			<entity type="3000" variant="0" subtype="0" weight="1.0"/>
		</spawn>
		<spawn x="18" y="8">
			<entity type="3000" variant="0" subtype="0" weight="1.0"/>
		</spawn>
		<spawn x="19" y="8">
			<entity type="3000" variant="0" subtype="0" weight="1.0"/>
		</spawn>
		<spawn x="20" y="8">
			<entity type="3000" variant="0" subtype="0" weight="1.0"/>
		</spawn>
		<spawn x="21" y="8">
			<entity type="3000" variant="0" subtype="0" weight="1.0"/>
		</spawn>
		<spawn x="22" y="8">
			<entity type="3000" variant="0" subtype="0" weight="1.0"/>
		</spawn>
		<spawn x="23" y="8">
			<entity type="1940" variant="0" subtype="0" weight="1.0"/>
		</spawn>
		<spawn x="24" y="8">
			<entity type="3000" variant="0" subtype="0" weight="1.0"/>
		</spawn>
		<spawn x="2" y="9">
			<entity type="1900" variant="0" subtype="0" weight="1.0"/>
		</spawn>
		<spawn x="4" y="9">
			<entity type="3000" variant="0" subtype="0" weight="1.0"/>
		</spawn>
		<spawn x="9" y="9">
			<entity type="3000" variant="0" subtype="0" weight="1.0"/>
		</spawn>
		<spawn x="10" y="9">
			<entity type="1940" variant="0" subtype="0" weight="1.0"/>
		</spawn>
		<spawn x="11" y="9">
			<entity type="1940" variant="0" subtype="0" weight="1.0"/>
		</spawn>
		<spawn x="12" y="9">
			<entity type="3000" variant="0" subtype="0" weight="1.0"/>
		</spawn>
		<spawn x="16" y="9">
			<entity type="3000" variant="0" subtype="0" weight="1.0"/>
		</spawn>
		<spawn x="17" y="9">
			<entity type="3000" variant="0" subtype="0" weight="1.0"/>
		</spawn>
		<spawn x="22" y="9">
			<entity type="3000" variant="0" subtype="0" weight="1.0"/>
		</spawn>
		<spawn x="23" y="9">
			<entity type="1940" variant="0" subtype="0" weight="1.0"/>
		</spawn>
		<spawn x="24" y="9">
			<entity type="3000" variant="0" subtype="0" weight="1.0"/>
		</spawn>
		<spawn x="0" y="10">
			<entity type="6000" variant="9" subtype="0" weight="1.0"/>
		</spawn>
		<spawn x="2" y="10">
			<entity type="1900" variant="0" subtype="0" weight="1.0"/>
		</spawn>
		<spawn x="6" y="10">
			<entity type="3000" variant="0" subtype="0" weight="1.0"/>
		</spawn>
		<spawn x="7" y="10">
			<entity type="3000" variant="0" subtype="0" weight="1.0"/>
		</spawn>
		<spawn x="9" y="10">
			<entity type="3000" variant="0" subtype="0" weight="1.0"/>
		</spawn>
		<spawn x="11" y="10">
			<entity type="1940" variant="0" subtype="0" weight="1.0"/>
		</spawn>
		<spawn x="12" y="10">
			<entity type="1940" variant="0" subtype="0" weight="1.0"/>
		</spawn>
		<spawn x="14" y="10">
			<entity type="3000" variant="0" subtype="0" weight="1.0"/>
		</spawn>
		<spawn x="16" y="10">
			<entity type="1940" variant="0" subtype="0" weight="1.0"/>
		</spawn>
		<spawn x="19" y="10">
			<entity type="3000" variant="0" subtype="0" weight="1.0"/>
		</spawn>
		<spawn x="20" y="10">
			<entity type="3000" variant="0" subtype="0" weight="1.0"/>
		</spawn>
		<spawn x="0" y="11">
			<entity type="6000" variant="17" subtype="0" weight="1.0"/>
		</spawn>
		<spawn x="1" y="11">
			<entity type="203" variant="0" subtype="2" weight="1.0"/>
		</spawn>
		<spawn x="2" y="11">
			<entity type="1900" variant="0" subtype="0" weight="1.0"/>
		</spawn>
		<spawn x="3" y="11">
			<entity type="1900" variant="0" subtype="0" weight="1.0"/>
		</spawn>
		<spawn x="4" y="11">
			<entity type="1900" variant="0" subtype="0" weight="1.0"/>
		</spawn>
		<spawn x="5" y="11">
			<entity type="1900" variant="0" subtype="0" weight="1.0"/>
		</spawn>
		<spawn x="6" y="11">
			<entity type="1900" variant="0" subtype="0" weight="1.0"/>
		</spawn>
		<spawn x="7" y="11">
			<entity type="1900" variant="0" subtype="0" weight="1.0"/>
		</spawn>
		<spawn x="8" y="11">
			<entity type="1900" variant="0" subtype="0" weight="1.0"/>
		</spawn>
		<spawn x="9" y="11">
			<entity type="1900" variant="0" subtype="0" weight="1.0"/>
		</spawn>
		<spawn x="10" y="11">
			<entity type="1900" variant="0" subtype="0" weight="1.0"/>
		</spawn>
		<spawn x="11" y="11">
			<entity type="1900" variant="0" subtype="0" weight="1.0"/>
		</spawn>
		<spawn x="12" y="11">
			<entity type="1900" variant="0" subtype="0" weight="1.0"/>
		</spawn>
		<spawn x="13" y="11">
			<entity type="1900" variant="0" subtype="0" weight="1.0"/>
		</spawn>
		<spawn x="14" y="11">
			<entity type="1900" variant="0" subtype="0" weight="1.0"/>
		</spawn>
		<spawn x="15" y="11">
			<entity type="1900" variant="0" subtype="0" weight="1.0"/>
		</spawn>
		<spawn x="16" y="11">
			<entity type="1900" variant="0" subtype="0" weight="1.0"/>
		</spawn>
		<spawn x="17" y="11">
			<entity type="1900" variant="0" subtype="0" weight="1.0"/>
		</spawn>
		<spawn x="18" y="11">
			<entity type="1900" variant="0" subtype="0" weight="1.0"/>
		</spawn>
		<spawn x="19" y="11">
			<entity type="1900" variant="0" subtype="0" weight="1.0"/>
		</spawn>
		<spawn x="20" y="11">
			<entity type="1900" variant="0" subtype="0" weight="1.0"/>
		</spawn>
		<spawn x="21" y="11">
			<entity type="1900" variant="0" subtype="0" weight="1.0"/>
		</spawn>
		<spawn x="22" y="11">
			<entity type="1900" variant="0" subtype="0" weight="1.0"/>
		</spawn>
		<spawn x="23" y="11">
			<entity type="1900" variant="0" subtype="0" weight="1.0"/>
		</spawn>
		<spawn x="24" y="11">
			<entity type="1900" variant="0" subtype="0" weight="1.0"/>
		</spawn>
		<spawn x="25" y="11">
			<entity type="1900" variant="0" subtype="0" weight="1.0"/>
		</spawn>
		<spawn x="0" y="12">
			<entity type="6000" variant="10" subtype="0" weight="1.0"/>
		</spawn>
		<spawn x="3" y="12">
			<entity type="203" variant="0" subtype="1" weight="1.0"/>
		</spawn>
		<spawn x="7" y="12">
			<entity type="203" variant="0" subtype="1" weight="1.0"/>
		</spawn>
		<spawn x="11" y="12">
			<entity type="203" variant="0" subtype="1" weight="1.0"/>
		</spawn>
		<spawn x="15" y="12">
			<entity type="203" variant="0" subtype="1" weight="1.0"/>
		</spawn>
		<spawn x="19" y="12">
			<entity type="203" variant="0" subtype="1" weight="1.0"/>
		</spawn>
		<spawn x="23" y="12">
			<entity type="203" variant="0" subtype="1" weight="1.0"/>
		</spawn>
		<spawn x="2" y="13">
			<entity type="6000" variant="7" subtype="0" weight="1.0"/>
		</spawn>
		<spawn x="3" y="13">
			<entity type="6000" variant="16" subtype="0" weight="1.0"/>
		</spawn>
		<spawn x="4" y="13">
			<entity type="6000" variant="8" subtype="0" weight="1.0"/>
		</spawn>
		<spawn x="6" y="13">
			<entity type="6000" variant="7" subtype="0" weight="1.0"/>
		</spawn>
		<spawn x="7" y="13">
			<entity type="6000" variant="16" subtype="0" weight="1.0"/>
		</spawn>
		<spawn x="8" y="13">
			<entity type="6000" variant="8" subtype="0" weight="1.0"/>
		</spawn>
		<spawn x="10" y="13">
			<entity type="6000" variant="7" subtype="0" weight="1.0"/>
		</spawn>
		<spawn x="11" y="13">
			<entity type="6000" variant="16" subtype="0" weight="1.0"/>
		</spawn>
		<spawn x="12" y="13">
			<entity type="6000" variant="8" subtype="0" weight="1.0"/>
		</spawn>
		<spawn x="14" y="13">
			<entity type="6000" variant="7" subtype="0" weight="1.0"/>
		</spawn>
		<spawn x="15" y="13">
			<entity type="6000" variant="16" subtype="0" weight="1.0"/>
		</spawn>
		<spawn x="16" y="13">
			<entity type="6000" variant="8" subtype="0" weight="1.0"/>
		</spawn>
		<spawn x="18" y="13">
			<entity type="6000" variant="7" subtype="0" weight="1.0"/>
		</spawn>
		<spawn x="19" y="13">
			<entity type="6000" variant="16" subtype="0" weight="1.0"/>
		</spawn>
		<spawn x="20" y="13">
			<entity type="6000" variant="8" subtype="0" weight="1.0"/>
		</spawn>
		<spawn x="22" y="13">
			<entity type="6000" variant="7" subtype="0" weight="1.0"/>
		</spawn>
		<spawn x="23" y="13">
			<entity type="6000" variant="16" subtype="0" weight="1.0"/>
		</spawn>
		<spawn x="24" y="13">
			<entity type="6000" variant="8" subtype="0" weight="1.0"/>
		</spawn>
		<spawn x="25" y="13">
			<entity type="203" variant="0" subtype="1" weight="1.0"/>
		</spawn>
	</room>
	<room variant="23507" name="Bank_Corridor_3" type="9" subtype="0" shape="8" width="26" height="14" difficulty="2" weight="0.0">
		<door exists="False" x="-1" y="3"/>
		<door exists="False" x="-1" y="10"/>
		<door exists="True" x="6" y="-1"/>
		<door exists="False" x="6" y="14"/>
		<door exists="False" x="19" y="-1"/>
		<door exists="False" x="19" y="14"/>
		<door exists="False" x="26" y="3"/>
		<door exists="False" x="26" y="10"/>
		<spawn x="0" y="0">
			<entity type="203" variant="0" subtype="2" weight="1.0"/>
		</spawn>
		<spawn x="2" y="0">
			<entity type="1901" variant="0" subtype="0" weight="1.0"/>
		</spawn>
		<spawn x="11" y="0">
			<entity type="1900" variant="0" subtype="0" weight="1.0"/>
		</spawn>
		<spawn x="12" y="0">
			<entity type="1900" variant="0" subtype="0" weight="1.0"/>
		</spawn>
		<spawn x="18" y="0">
			<entity type="1900" variant="0" subtype="0" weight="1.0"/>
		</spawn>
		<spawn x="19" y="0">
			<entity type="9100" variant="0" subtype="0" weight="1.0"/>
		</spawn>
		<spawn x="20" y="0">
			<entity type="1900" variant="0" subtype="0" weight="1.0"/>
		</spawn>
		<spawn x="24" y="0">
			<entity type="1900" variant="0" subtype="0" weight="1.0"/>
		</spawn>
		<spawn x="25" y="0">
			<entity type="1900" variant="0" subtype="0" weight="1.0"/>
		</spawn>
		<spawn x="0" y="1">
			<entity type="6000" variant="9" subtype="0" weight="1.0"/>
		</spawn>
		<spawn x="2" y="1">
			<entity type="1901" variant="0" subtype="0" weight="1.0"/>
		</spawn>
		<spawn x="11" y="1">
			<entity type="1900" variant="0" subtype="0" weight="1.0"/>
		</spawn>
		<spawn x="12" y="1">
			<entity type="1900" variant="0" subtype="0" weight="1.0"/>
		</spawn>
		<spawn x="14" y="1">
			<entity type="1900" variant="0" subtype="0" weight="1.0"/>
		</spawn>
		<spawn x="15" y="1">
			<entity type="1900" variant="0" subtype="0" weight="1.0"/>
		</spawn>
		<spawn x="16" y="1">
			<entity type="1900" variant="0" subtype="0" weight="1.0"/>
		</spawn>
		<spawn x="18" y="1">
			<entity type="1900" variant="0" subtype="0" weight="1.0"/>
		</spawn>
		<spawn x="25" y="1">
			<entity type="1900" variant="0" subtype="0" weight="1.0"/>
		</spawn>
		<spawn x="0" y="2">
			<entity type="6000" variant="1" subtype="0" weight="1.0"/>
		</spawn>
		<spawn x="2" y="2">
			<entity type="1901" variant="0" subtype="0" weight="1.0"/>
		</spawn>
		<spawn x="3" y="2">
			<entity type="1900" variant="0" subtype="0" weight="1.0"/>
		</spawn>
		<spawn x="5" y="2">
			<entity type="1900" variant="0" subtype="0" weight="1.0"/>
		</spawn>
		<spawn x="6" y="2">
			<entity type="1900" variant="0" subtype="0" weight="1.0"/>
		</spawn>
		<spawn x="7" y="2">
			<entity type="1900" variant="0" subtype="0" weight="1.0"/>
		</spawn>
		<spawn x="9" y="2">
			<entity type="1900" variant="0" subtype="0" weight="1.0"/>
		</spawn>
		<spawn x="11" y="2">
			<entity type="1900" variant="0" subtype="0" weight="1.0"/>
		</spawn>
		<spawn x="12" y="2">
			<entity type="1900" variant="0" subtype="0" weight="1.0"/>
		</spawn>
		<spawn x="14" y="2">
			<entity type="1900" variant="0" subtype="0" weight="1.0"/>
		</spawn>
		<spawn x="15" y="2">
			<entity type="1494" variant="0" subtype="0" weight="1.0"/>
		</spawn>
		<spawn x="16" y="2">
			<entity type="1900" variant="0" subtype="0" weight="1.0"/>
		</spawn>
		<spawn x="18" y="2">
			<entity type="1900" variant="0" subtype="0" weight="1.0"/>
		</spawn>
		<spawn x="19" y="2">
			<entity type="1900" variant="0" subtype="0" weight="1.0"/>
		</spawn>
		<spawn x="20" y="2">
			<entity type="1900" variant="0" subtype="0" weight="1.0"/>
		</spawn>
		<spawn x="21" y="2">
			<entity type="1900" variant="0" subtype="0" weight="1.0"/>
		</spawn>
		<spawn x="22" y="2">
			<entity type="1900" variant="0" subtype="0" weight="1.0"/>
		</spawn>
		<spawn x="23" y="2">
			<entity type="1900" variant="0" subtype="0" weight="1.0"/>
		</spawn>
		<spawn x="0" y="3">
			<entity type="6000" variant="17" subtype="0" weight="1.0"/>
		</spawn>
		<spawn x="1" y="3">
			<entity type="203" variant="0" subtype="2" weight="1.0"/>
		</spawn>
		<spawn x="2" y="3">
			<entity type="1901" variant="0" subtype="0" weight="1.0"/>
		</spawn>
		<spawn x="5" y="3">
			<entity type="1900" variant="0" subtype="0" weight="1.0"/>
		</spawn>
		<spawn x="7" y="3">
			<entity type="1900" variant="0" subtype="0" weight="1.0"/>
		</spawn>
		<spawn x="9" y="3">
			<entity type="1900" variant="0" subtype="0" weight="1.0"/>
		</spawn>
		<spawn x="11" y="3">
			<entity type="1900" variant="0" subtype="0" weight="1.0"/>
		</spawn>
		<spawn x="12" y="3">
			<entity type="1900" variant="0" subtype="0" weight="1.0"/>
		</spawn>
		<spawn x="14" y="3">
			<entity type="1900" variant="0" subtype="0" weight="1.0"/>
		</spawn>
		<spawn x="16" y="3">
			<entity type="1900" variant="0" subtype="0" weight="1.0"/>
		</spawn>
		<spawn x="18" y="3">
			<entity type="1900" variant="0" subtype="0" weight="1.0"/>
		</spawn>
		<spawn x="23" y="3">
			<entity type="1900" variant="0" subtype="0" weight="1.0"/>
		</spawn>
		<spawn x="0" y="4">
			<entity type="6000" variant="10" subtype="0" weight="1.0"/>
		</spawn>
		<spawn x="2" y="4">
			<entity type="1901" variant="0" subtype="0" weight="1.0"/>
		</spawn>
		<spawn x="4" y="4">
			<entity type="1900" variant="0" subtype="0" weight="1.0"/>
		</spawn>
		<spawn x="5" y="4">
			<entity type="1900" variant="0" subtype="0" weight="1.0"/>
		</spawn>
		<spawn x="9" y="4">
			<entity type="1900" variant="0" subtype="0" weight="1.0"/>
		</spawn>
		<spawn x="14" y="4">
			<entity type="1900" variant="0" subtype="0" weight="1.0"/>
		</spawn>
		<spawn x="16" y="4">
			<entity type="1900" variant="0" subtype="0" weight="1.0"/>
		</spawn>
		<spawn x="17" y="4">
			<entity type="1496" variant="0" subtype="0" weight="1.0"/>
		</spawn>
		<spawn x="18" y="4">
			<entity type="1900" variant="0" subtype="0" weight="1.0"/>
		</spawn>
		<spawn x="20" y="4">
			<entity type="1900" variant="0" subtype="0" weight="1.0"/>
		</spawn>
		<spawn x="21" y="4">
			<entity type="1900" variant="0" subtype="0" weight="1.0"/>
		</spawn>
		<spawn x="23" y="4">
			<entity type="1900" variant="0" subtype="0" weight="1.0"/>
		</spawn>
		<spawn x="2" y="5">
			<entity type="1901" variant="0" subtype="0" weight="1.0"/>
		</spawn>
		<spawn x="5" y="5">
			<entity type="1900" variant="0" subtype="0" weight="1.0"/>
		</spawn>
		<spawn x="6" y="5">
			<entity type="1900" variant="0" subtype="0" weight="1.0"/>
		</spawn>
		<spawn x="7" y="5">
			<entity type="1900" variant="0" subtype="0" weight="1.0"/>
		</spawn>
		<spawn x="8" y="5">
			<entity type="1900" variant="0" subtype="0" weight="1.0"/>
		</spawn>
		<spawn x="9" y="5">
			<entity type="1900" variant="0" subtype="0" weight="1.0"/>
		</spawn>
		<spawn x="10" y="5">
			<entity type="1900" variant="0" subtype="0" weight="1.0"/>
		</spawn>
		<spawn x="11" y="5">
			<entity type="1900" variant="0" subtype="0" weight="1.0"/>
		</spawn>
		<spawn x="12" y="5">
			<entity type="1900" variant="0" subtype="0" weight="1.0"/>
		</spawn>
		<spawn x="13" y="5">
			<entity type="1900" variant="0" subtype="0" weight="1.0"/>
		</spawn>
		<spawn x="14" y="5">
			<entity type="1900" variant="0" subtype="0" weight="1.0"/>
		</spawn>
		<spawn x="16" y="5">
			<entity type="1900" variant="0" subtype="0" weight="1.0"/>
		</spawn>
		<spawn x="17" y="5">
			<entity type="1900" variant="0" subtype="0" weight="1.0"/>
		</spawn>
		<spawn x="18" y="5">
			<entity type="1900" variant="0" subtype="0" weight="1.0"/>
		</spawn>
		<spawn x="20" y="5">
			<entity type="1900" variant="0" subtype="0" weight="1.0"/>
		</spawn>
		<spawn x="23" y="5">
			<entity type="1900" variant="0" subtype="0" weight="1.0"/>
		</spawn>
		<spawn x="2" y="6">
			<entity type="1901" variant="0" subtype="0" weight="1.0"/>
		</spawn>
		<spawn x="3" y="6">
			<entity type="1900" variant="0" subtype="0" weight="1.0"/>
		</spawn>
		<spawn x="10" y="6">
			<entity type="1900" variant="0" subtype="0" weight="1.0"/>
		</spawn>
		<spawn x="14" y="6">
			<entity type="1900" variant="0" subtype="0" weight="1.0"/>
		</spawn>
		<spawn x="16" y="6">
			<entity type="1900" variant="0" subtype="0" weight="1.0"/>
		</spawn>
		<spawn x="18" y="6">
			<entity type="1900" variant="0" subtype="0" weight="1.0"/>
		</spawn>
		<spawn x="20" y="6">
			<entity type="1900" variant="0" subtype="0" weight="1.0"/>
		</spawn>
		<spawn x="21" y="6">
			<entity type="1900" variant="0" subtype="0" weight="1.0"/>
		</spawn>
		<spawn x="23" y="6">
			<entity type="1900" variant="0" subtype="0" weight="1.0"/>
		</spawn>
		<spawn x="24" y="6">
			<entity type="1900" variant="0" subtype="0" weight="1.0"/>
		</spawn>
		<spawn x="0" y="7">
			<entity type="6000" variant="9" subtype="0" weight="1.0"/>
		</spawn>
		<spawn x="2" y="7">
			<entity type="1901" variant="0" subtype="0" weight="1.0"/>
		</spawn>
		<spawn x="5" y="7">
			<entity type="1900" variant="0" subtype="0" weight="1.0"/>
		</spawn>
		<spawn x="6" y="7">
			<entity type="1900" variant="0" subtype="0" weight="1.0"/>
		</spawn>
		<spawn x="7" y="7">
			<entity type="1900" variant="0" subtype="0" weight="1.0"/>
		</spawn>
		<spawn x="9" y="7">
			<entity type="1900" variant="0" subtype="0" weight="1.0"/>
		</spawn>
		<spawn x="10" y="7">
			<entity type="1900" variant="0" subtype="0" weight="1.0"/>
		</spawn>
		<spawn x="11" y="7">
			<entity type="1900" variant="0" subtype="0" weight="1.0"/>
		</spawn>
		<spawn x="13" y="7">
			<entity type="1900" variant="0" subtype="0" weight="1.0"/>
		</spawn>
		<spawn x="14" y="7">
			<entity type="1900" variant="0" subtype="0" weight="1.0"/>
		</spawn>
		<spawn x="16" y="7">
			<entity type="1900" variant="0" subtype="0" weight="1.0"/>
		</spawn>
		<spawn x="18" y="7">
			<entity type="1900" variant="0" subtype="0" weight="1.0"/>
		</spawn>
		<spawn x="21" y="7">
			<entity type="1900" variant="0" subtype="0" weight="1.0"/>
		</spawn>
		<spawn x="23" y="7">
			<entity type="1900" variant="0" subtype="0" weight="1.0"/>
		</spawn>
		<spawn x="0" y="8">
			<entity type="6000" variant="17" subtype="0" weight="1.0"/>
		</spawn>
		<spawn x="1" y="8">
			<entity type="203" variant="0" subtype="2" weight="1.0"/>
		</spawn>
		<spawn x="2" y="8">
			<entity type="1901" variant="0" subtype="0" weight="1.0"/>
		</spawn>
		<spawn x="4" y="8">
			<entity type="1900" variant="0" subtype="0" weight="1.0"/>
		</spawn>
		<spawn x="5" y="8">
			<entity type="1900" variant="0" subtype="0" weight="1.0"/>
		</spawn>
		<spawn x="7" y="8">
			<entity type="1900" variant="0" subtype="0" weight="1.0"/>
		</spawn>
		<spawn x="9" y="8">
			<entity type="1900" variant="0" subtype="0" weight="1.0"/>
		</spawn>
		<spawn x="13" y="8">
			<entity type="1900" variant="0" subtype="0" weight="1.0"/>
		</spawn>
		<spawn x="14" y="8">
			<entity type="1900" variant="0" subtype="0" weight="1.0"/>
		</spawn>
		<spawn x="21" y="8">
			<entity type="1900" variant="0" subtype="0" weight="1.0"/>
		</spawn>
		<spawn x="23" y="8">
			<entity type="1900" variant="0" subtype="0" weight="1.0"/>
		</spawn>
		<spawn x="24" y="8">
			<entity type="1900" variant="0" subtype="0" weight="1.0"/>
		</spawn>
		<spawn x="0" y="9">
			<entity type="6000" variant="1" subtype="0" weight="1.0"/>
		</spawn>
		<spawn x="2" y="9">
			<entity type="1901" variant="0" subtype="0" weight="1.0"/>
		</spawn>
		<spawn x="5" y="9">
			<entity type="1900" variant="0" subtype="0" weight="1.0"/>
		</spawn>
		<spawn x="9" y="9">
			<entity type="1900" variant="0" subtype="0" weight="1.0"/>
		</spawn>
		<spawn x="11" y="9">
			<entity type="1900" variant="0" subtype="0" weight="1.0"/>
		</spawn>
		<spawn x="13" y="9">
			<entity type="1900" variant="0" subtype="0" weight="1.0"/>
		</spawn>
		<spawn x="14" y="9">
			<entity type="1900" variant="0" subtype="0" weight="1.0"/>
		</spawn>
		<spawn x="15" y="9">
			<entity type="1900" variant="0" subtype="0" weight="1.0"/>
		</spawn>
		<spawn x="16" y="9">
			<entity type="1900" variant="0" subtype="0" weight="1.0"/>
		</spawn>
		<spawn x="17" y="9">
			<entity type="1900" variant="0" subtype="0" weight="1.0"/>
		</spawn>
		<spawn x="21" y="9">
			<entity type="1900" variant="0" subtype="0" weight="1.0"/>
		</spawn>
		<spawn x="23" y="9">
			<entity type="1900" variant="0" subtype="0" weight="1.0"/>
		</spawn>
		<spawn x="0" y="10">
			<entity type="6000" variant="10" subtype="0" weight="1.0"/>
		</spawn>
		<spawn x="2" y="10">
			<entity type="1901" variant="0" subtype="0" weight="1.0"/>
		</spawn>
		<spawn x="11" y="10">
			<entity type="1900" variant="0" subtype="0" weight="1.0"/>
		</spawn>
		<spawn x="21" y="10">
			<entity type="1900" variant="0" subtype="0" weight="1.0"/>
		</spawn>
		<spawn x="0" y="11">
			<entity type="6000" variant="33" subtype="0" weight="1.0"/>
		</spawn>
		<spawn x="1" y="11">
			<entity type="17" variant="0" subtype="0" weight="1.0"/>
		</spawn>
		<spawn x="2" y="11">
			<entity type="1901" variant="0" subtype="0" weight="1.0"/>
		</spawn>
		<spawn x="3" y="11">
			<entity type="1901" variant="0" subtype="0" weight="1.0"/>
		</spawn>
		<spawn x="4" y="11">
			<entity type="1901" variant="0" subtype="0" weight="1.0"/>
		</spawn>
		<spawn x="5" y="11">
			<entity type="1901" variant="0" subtype="0" weight="1.0"/>
		</spawn>
		<spawn x="6" y="11">
			<entity type="1901" variant="0" subtype="0" weight="1.0"/>
		</spawn>
		<spawn x="7" y="11">
			<entity type="1901" variant="0" subtype="0" weight="1.0"/>
		</spawn>
		<spawn x="8" y="11">
			<entity type="1901" variant="0" subtype="0" weight="1.0"/>
		</spawn>
		<spawn x="9" y="11">
			<entity type="1901" variant="0" subtype="0" weight="1.0"/>
		</spawn>
		<spawn x="10" y="11">
			<entity type="1901" variant="0" subtype="0" weight="1.0"/>
		</spawn>
		<spawn x="11" y="11">
			<entity type="1901" variant="0" subtype="0" weight="1.0"/>
		</spawn>
		<spawn x="12" y="11">
			<entity type="1901" variant="0" subtype="0" weight="1.0"/>
		</spawn>
		<spawn x="13" y="11">
			<entity type="1901" variant="0" subtype="0" weight="1.0"/>
		</spawn>
		<spawn x="14" y="11">
			<entity type="1901" variant="0" subtype="0" weight="1.0"/>
		</spawn>
		<spawn x="15" y="11">
			<entity type="1901" variant="0" subtype="0" weight="1.0"/>
		</spawn>
		<spawn x="16" y="11">
			<entity type="1901" variant="0" subtype="0" weight="1.0"/>
		</spawn>
		<spawn x="17" y="11">
			<entity type="1901" variant="0" subtype="0" weight="1.0"/>
		</spawn>
		<spawn x="18" y="11">
			<entity type="1901" variant="0" subtype="0" weight="1.0"/>
		</spawn>
		<spawn x="19" y="11">
			<entity type="1901" variant="0" subtype="0" weight="1.0"/>
		</spawn>
		<spawn x="20" y="11">
			<entity type="1901" variant="0" subtype="0" weight="1.0"/>
		</spawn>
		<spawn x="21" y="11">
			<entity type="1901" variant="0" subtype="0" weight="1.0"/>
		</spawn>
		<spawn x="22" y="11">
			<entity type="1901" variant="0" subtype="0" weight="1.0"/>
		</spawn>
		<spawn x="23" y="11">
			<entity type="1901" variant="0" subtype="0" weight="1.0"/>
		</spawn>
		<spawn x="24" y="11">
			<entity type="1901" variant="0" subtype="0" weight="1.0"/>
		</spawn>
		<spawn x="25" y="11">
			<entity type="1901" variant="0" subtype="0" weight="1.0"/>
		</spawn>
		<spawn x="0" y="12">
			<entity type="6000" variant="2" subtype="0" weight="1.0"/>
		</spawn>
		<spawn x="1" y="12">
			<entity type="6000" variant="3" subtype="0" weight="1.0"/>
		</spawn>
		<spawn x="5" y="12">
			<entity type="203" variant="0" subtype="1" weight="1.0"/>
		</spawn>
		<spawn x="10" y="12">
			<entity type="203" variant="0" subtype="1" weight="1.0"/>
		</spawn>
		<spawn x="15" y="12">
			<entity type="203" variant="0" subtype="1" weight="1.0"/>
		</spawn>
		<spawn x="20" y="12">
			<entity type="203" variant="0" subtype="1" weight="1.0"/>
		</spawn>
		<spawn x="23" y="12">
			<entity type="17" variant="3" subtype="0" weight="1.0"/>
		</spawn>
		<spawn x="24" y="12">
			<entity type="6000" variant="2" subtype="0" weight="1.0"/>
		</spawn>
		<spawn x="25" y="12">
			<entity type="6000" variant="3" subtype="0" weight="1.0"/>
		</spawn>
		<spawn x="0" y="13">
			<entity type="6000" variant="4" subtype="0" weight="1.0"/>
		</spawn>
		<spawn x="1" y="13">
			<entity type="6000" variant="5" subtype="0" weight="1.0"/>
		</spawn>
		<spawn x="3" y="13">
			<entity type="6000" variant="7" subtype="0" weight="1.0"/>
		</spawn>
		<spawn x="4" y="13">
			<entity type="6000" variant="0" subtype="0" weight="1.0"/>
		</spawn>
		<spawn x="5" y="13">
			<entity type="6000" variant="16" subtype="0" weight="1.0"/>
		</spawn>
		<spawn x="6" y="13">
			<entity type="6000" variant="8" subtype="0" weight="1.0"/>
		</spawn>
		<spawn x="8" y="13">
			<entity type="6000" variant="7" subtype="0" weight="1.0"/>
		</spawn>
		<spawn x="9" y="13">
			<entity type="6000" variant="0" subtype="0" weight="1.0"/>
		</spawn>
		<spawn x="10" y="13">
			<entity type="6000" variant="16" subtype="0" weight="1.0"/>
		</spawn>
		<spawn x="11" y="13">
			<entity type="6000" variant="8" subtype="0" weight="1.0"/>
		</spawn>
		<spawn x="13" y="13">
			<entity type="6000" variant="7" subtype="0" weight="1.0"/>
		</spawn>
		<spawn x="14" y="13">
			<entity type="6000" variant="0" subtype="0" weight="1.0"/>
		</spawn>
		<spawn x="15" y="13">
			<entity type="6000" variant="16" subtype="0" weight="1.0"/>
		</spawn>
		<spawn x="16" y="13">
			<entity type="6000" variant="8" subtype="0" weight="1.0"/>
		</spawn>
		<spawn x="18" y="13">
			<entity type="6000" variant="7" subtype="0" weight="1.0"/>
		</spawn>
		<spawn x="19" y="13">
			<entity type="6000" variant="0" subtype="0" weight="1.0"/>
		</spawn>
		<spawn x="20" y="13">
			<entity type="6000" variant="16" subtype="0" weight="1.0"/>
		</spawn>
		<spawn x="21" y="13">
			<entity type="6000" variant="8" subtype="0" weight="1.0"/>
		</spawn>
		<spawn x="23" y="13">
			<entity type="6000" variant="32" subtype="0" weight="1.0"/>
		</spawn>
		<spawn x="24" y="13">
			<entity type="6000" variant="4" subtype="0" weight="1.0"/>
		</spawn>
		<spawn x="25" y="13">
			<entity type="6000" variant="5" subtype="0" weight="1.0"/>
		</spawn>
	</room>
	<room variant="23508" name="Bank_Corridor_4" type="9" subtype="0" shape="8" width="26" height="14" difficulty="2" weight="0.0">
		<door exists="False" x="-1" y="3"/>
		<door exists="False" x="-1" y="10"/>
		<door exists="True" x="6" y="-1"/>
		<door exists="False" x="6" y="14"/>
		<door exists="False" x="19" y="-1"/>
		<door exists="False" x="19" y="14"/>
		<door exists="False" x="26" y="3"/>
		<door exists="False" x="26" y="10"/>
		<spawn x="0" y="0">
			<entity type="6000" variant="9" subtype="0" weight="1.0"/>
		</spawn>
		<spawn x="2" y="0">
			<entity type="1901" variant="0" subtype="0" weight="1.0"/>
		</spawn>
		<spawn x="10" y="0">
			<entity type="1999" variant="0" subtype="0" weight="1.0"/>
		</spawn>
		<spawn x="12" y="0">
			<entity type="1999" variant="0" subtype="0" weight="1.0"/>
		</spawn>
		<spawn x="13" y="0">
			<entity type="1999" variant="0" subtype="0" weight="1.0"/>
		</spawn>
		<spawn x="14" y="0">
			<entity type="1999" variant="0" subtype="0" weight="1.0"/>
		</spawn>
		<spawn x="17" y="0">
			<entity type="1999" variant="0" subtype="0" weight="1.0"/>
		</spawn>
		<spawn x="18" y="0">
			<entity type="9100" variant="0" subtype="0" weight="1.0"/>
		</spawn>
		<spawn x="21" y="0">
			<entity type="1999" variant="0" subtype="0" weight="1.0"/>
		</spawn>
		<spawn x="0" y="1">
			<entity type="6000" variant="1" subtype="0" weight="1.0"/>
		</spawn>
		<spawn x="2" y="1">
			<entity type="1901" variant="0" subtype="0" weight="1.0"/>
		</spawn>
		<spawn x="8" y="1">
			<entity type="1999" variant="0" subtype="0" weight="1.0"/>
		</spawn>
		<spawn x="16" y="1">
			<entity type="1999" variant="0" subtype="0" weight="1.0"/>
		</spawn>
		<spawn x="17" y="1">
			<entity type="1999" variant="0" subtype="0" weight="1.0"/>
		</spawn>
		<spawn x="19" y="1">
			<entity type="1999" variant="0" subtype="0" weight="1.0"/>
		</spawn>
		<spawn x="22" y="1">
			<entity type="1999" variant="0" subtype="0" weight="1.0"/>
		</spawn>
		<spawn x="23" y="1">
			<entity type="1999" variant="0" subtype="0" weight="1.0"/>
		</spawn>
		<spawn x="24" y="1">
			<entity type="1999" variant="0" subtype="0" weight="1.0"/>
		</spawn>
		<spawn x="0" y="2">
			<entity type="6000" variant="33" subtype="0" weight="1.0"/>
		</spawn>
		<spawn x="2" y="2">
			<entity type="1901" variant="0" subtype="0" weight="1.0"/>
		</spawn>
		<spawn x="3" y="2">
			<entity type="1999" variant="0" subtype="0" weight="1.0"/>
		</spawn>
		<spawn x="5" y="2">
			<entity type="1999" variant="0" subtype="0" weight="1.0"/>
		</spawn>
		<spawn x="6" y="2">
			<entity type="1999" variant="0" subtype="0" weight="1.0"/>
		</spawn>
		<spawn x="7" y="2">
			<entity type="1999" variant="0" subtype="0" weight="1.0"/>
		</spawn>
		<spawn x="10" y="2">
			<entity type="1999" variant="0" subtype="0" weight="1.0"/>
		</spawn>
		<spawn x="11" y="2">
			<entity type="1999" variant="0" subtype="0" weight="1.0"/>
		</spawn>
		<spawn x="14" y="2">
			<entity type="1999" variant="0" subtype="0" weight="1.0"/>
		</spawn>
		<spawn x="18" y="2">
			<entity type="1999" variant="0" subtype="0" weight="1.0"/>
		</spawn>
		<spawn x="20" y="2">
			<entity type="1999" variant="0" subtype="0" weight="1.0"/>
		</spawn>
		<spawn x="22" y="2">
			<entity type="1999" variant="0" subtype="0" weight="1.0"/>
		</spawn>
		<spawn x="0" y="3">
			<entity type="6000" variant="1" subtype="0" weight="1.0"/>
		</spawn>
		<spawn x="2" y="3">
			<entity type="1901" variant="0" subtype="0" weight="1.0"/>
		</spawn>
		<spawn x="5" y="3">
			<entity type="1999" variant="0" subtype="0" weight="1.0"/>
		</spawn>
		<spawn x="7" y="3">
			<entity type="1999" variant="0" subtype="0" weight="1.0"/>
		</spawn>
		<spawn x="9" y="3">
			<entity type="1999" variant="0" subtype="0" weight="1.0"/>
		</spawn>
		<spawn x="12" y="3">
			<entity type="1999" variant="0" subtype="0" weight="1.0"/>
		</spawn>
		<spawn x="17" y="3">
			<entity type="1999" variant="0" subtype="0" weight="1.0"/>
		</spawn>
		<spawn x="20" y="3">
			<entity type="1999" variant="0" subtype="0" weight="1.0"/>
		</spawn>
		<spawn x="24" y="3">
			<entity type="1999" variant="0" subtype="0" weight="1.0"/>
		</spawn>
		<spawn x="0" y="4">
			<entity type="6000" variant="1" subtype="0" weight="1.0"/>
		</spawn>
		<spawn x="2" y="4">
			<entity type="1901" variant="0" subtype="0" weight="1.0"/>
		</spawn>
		<spawn x="4" y="4">
			<entity type="1999" variant="0" subtype="0" weight="1.0"/>
		</spawn>
		<spawn x="5" y="4">
			<entity type="1999" variant="0" subtype="0" weight="1.0"/>
		</spawn>
		<spawn x="9" y="4">
			<entity type="1999" variant="0" subtype="0" weight="1.0"/>
		</spawn>
		<spawn x="11" y="4">
			<entity type="1999" variant="0" subtype="0" weight="1.0"/>
		</spawn>
		<spawn x="12" y="4">
			<entity type="1999" variant="0" subtype="0" weight="1.0"/>
		</spawn>
		<spawn x="16" y="4">
			<entity type="1999" variant="0" subtype="0" weight="1.0"/>
		</spawn>
		<spawn x="20" y="4">
			<entity type="1999" variant="0" subtype="0" weight="1.0"/>
		</spawn>
		<spawn x="23" y="4">
			<entity type="1999" variant="0" subtype="0" weight="1.0"/>
		</spawn>
		<spawn x="0" y="5">
			<entity type="6000" variant="1" subtype="0" weight="1.0"/>
		</spawn>
		<spawn x="2" y="5">
			<entity type="1901" variant="0" subtype="0" weight="1.0"/>
		</spawn>
		<spawn x="5" y="5">
			<entity type="1999" variant="0" subtype="0" weight="1.0"/>
		</spawn>
		<spawn x="6" y="5">
			<entity type="1999" variant="0" subtype="0" weight="1.0"/>
		</spawn>
		<spawn x="7" y="5">
			<entity type="1999" variant="0" subtype="0" weight="1.0"/>
		</spawn>
		<spawn x="8" y="5">
			<entity type="1999" variant="0" subtype="0" weight="1.0"/>
		</spawn>
		<spawn x="13" y="5">
			<entity type="1999" variant="0" subtype="0" weight="1.0"/>
		</spawn>
		<spawn x="14" y="5">
			<entity type="1999" variant="0" subtype="0" weight="1.0"/>
		</spawn>
		<spawn x="15" y="5">
			<entity type="1999" variant="0" subtype="0" weight="1.0"/>
		</spawn>
		<spawn x="17" y="5">
			<entity type="1999" variant="0" subtype="0" weight="1.0"/>
		</spawn>
		<spawn x="19" y="5">
			<entity type="1999" variant="0" subtype="0" weight="1.0"/>
		</spawn>
		<spawn x="21" y="5">
			<entity type="1999" variant="0" subtype="0" weight="1.0"/>
		</spawn>
		<spawn x="23" y="5">
			<entity type="1999" variant="0" subtype="0" weight="1.0"/>
		</spawn>
		<spawn x="25" y="5">
			<entity type="1999" variant="0" subtype="0" weight="1.0"/>
		</spawn>
		<spawn x="0" y="6">
			<entity type="6000" variant="1" subtype="0" weight="1.0"/>
		</spawn>
		<spawn x="2" y="6">
			<entity type="1901" variant="0" subtype="0" weight="1.0"/>
		</spawn>
		<spawn x="3" y="6">
			<entity type="1999" variant="0" subtype="0" weight="1.0"/>
		</spawn>
		<spawn x="8" y="6">
			<entity type="1999" variant="0" subtype="0" weight="1.0"/>
		</spawn>
		<spawn x="9" y="6">
			<entity type="1999" variant="0" subtype="0" weight="1.0"/>
		</spawn>
		<spawn x="10" y="6">
			<entity type="1999" variant="0" subtype="0" weight="1.0"/>
		</spawn>
		<spawn x="12" y="6">
			<entity type="1999" variant="0" subtype="0" weight="1.0"/>
		</spawn>
		<spawn x="21" y="6">
			<entity type="1999" variant="0" subtype="0" weight="1.0"/>
		</spawn>
		<spawn x="23" y="6">
			<entity type="1999" variant="0" subtype="0" weight="1.0"/>
		</spawn>
		<spawn x="0" y="7">
			<entity type="6000" variant="1" subtype="0" weight="1.0"/>
		</spawn>
		<spawn x="2" y="7">
			<entity type="1901" variant="0" subtype="0" weight="1.0"/>
		</spawn>
		<spawn x="5" y="7">
			<entity type="1999" variant="0" subtype="0" weight="1.0"/>
		</spawn>
		<spawn x="6" y="7">
			<entity type="1999" variant="0" subtype="0" weight="1.0"/>
		</spawn>
		<spawn x="13" y="7">
			<entity type="1999" variant="0" subtype="0" weight="1.0"/>
		</spawn>
		<spawn x="15" y="7">
			<entity type="1999" variant="0" subtype="0" weight="1.0"/>
		</spawn>
		<spawn x="16" y="7">
			<entity type="1999" variant="0" subtype="0" weight="1.0"/>
		</spawn>
		<spawn x="17" y="7">
			<entity type="1999" variant="0" subtype="0" weight="1.0"/>
		</spawn>
		<spawn x="20" y="7">
			<entity type="1999" variant="0" subtype="0" weight="1.0"/>
		</spawn>
		<spawn x="23" y="7">
			<entity type="1999" variant="0" subtype="0" weight="1.0"/>
		</spawn>
		<spawn x="24" y="7">
			<entity type="1999" variant="0" subtype="0" weight="1.0"/>
		</spawn>
		<spawn x="0" y="8">
			<entity type="6000" variant="1" subtype="0" weight="1.0"/>
		</spawn>
		<spawn x="2" y="8">
			<entity type="1901" variant="0" subtype="0" weight="1.0"/>
		</spawn>
		<spawn x="4" y="8">
			<entity type="1999" variant="0" subtype="0" weight="1.0"/>
		</spawn>
		<spawn x="5" y="8">
			<entity type="1999" variant="0" subtype="0" weight="1.0"/>
		</spawn>
		<spawn x="7" y="8">
			<entity type="1999" variant="0" subtype="0" weight="1.0"/>
		</spawn>
		<spawn x="8" y="8">
			<entity type="1999" variant="0" subtype="0" weight="1.0"/>
		</spawn>
		<spawn x="9" y="8">
			<entity type="1999" variant="0" subtype="0" weight="1.0"/>
		</spawn>
		<spawn x="10" y="8">
			<entity type="1999" variant="0" subtype="0" weight="1.0"/>
		</spawn>
		<spawn x="11" y="8">
			<entity type="1999" variant="0" subtype="0" weight="1.0"/>
		</spawn>
		<spawn x="16" y="8">
			<entity type="1999" variant="0" subtype="0" weight="1.0"/>
		</spawn>
		<spawn x="19" y="8">
			<entity type="1999" variant="0" subtype="0" weight="1.0"/>
		</spawn>
		<spawn x="20" y="8">
			<entity type="1999" variant="0" subtype="0" weight="1.0"/>
		</spawn>
		<spawn x="21" y="8">
			<entity type="1999" variant="0" subtype="0" weight="1.0"/>
		</spawn>
		<spawn x="23" y="8">
			<entity type="1999" variant="0" subtype="0" weight="1.0"/>
		</spawn>
		<spawn x="0" y="9">
			<entity type="6000" variant="17" subtype="0" weight="1.0"/>
		</spawn>
		<spawn x="1" y="9">
			<entity type="203" variant="0" subtype="2" weight="1.0"/>
		</spawn>
		<spawn x="2" y="9">
			<entity type="1901" variant="0" subtype="0" weight="1.0"/>
		</spawn>
		<spawn x="5" y="9">
			<entity type="1999" variant="0" subtype="0" weight="1.0"/>
		</spawn>
		<spawn x="14" y="9">
			<entity type="1999" variant="0" subtype="0" weight="1.0"/>
		</spawn>
		<spawn x="15" y="9">
			<entity type="1999" variant="0" subtype="0" weight="1.0"/>
		</spawn>
		<spawn x="16" y="9">
			<entity type="1999" variant="0" subtype="0" weight="1.0"/>
		</spawn>
		<spawn x="17" y="9">
			<entity type="1999" variant="0" subtype="0" weight="1.0"/>
		</spawn>
		<spawn x="22" y="9">
			<entity type="1999" variant="0" subtype="0" weight="1.0"/>
		</spawn>
		<spawn x="24" y="9">
			<entity type="1999" variant="0" subtype="0" weight="1.0"/>
		</spawn>
		<spawn x="0" y="10">
			<entity type="6000" variant="10" subtype="0" weight="1.0"/>
		</spawn>
		<spawn x="2" y="10">
			<entity type="1901" variant="0" subtype="0" weight="1.0"/>
		</spawn>
		<spawn x="8" y="10">
			<entity type="1999" variant="0" subtype="0" weight="1.0"/>
		</spawn>
		<spawn x="9" y="10">
			<entity type="1999" variant="0" subtype="0" weight="1.0"/>
		</spawn>
		<spawn x="10" y="10">
			<entity type="1999" variant="0" subtype="0" weight="1.0"/>
		</spawn>
		<spawn x="13" y="10">
			<entity type="1999" variant="0" subtype="0" weight="1.0"/>
		</spawn>
		<spawn x="14" y="10">
			<entity type="1999" variant="0" subtype="0" weight="1.0"/>
		</spawn>
		<spawn x="15" y="10">
			<entity type="1999" variant="0" subtype="0" weight="1.0"/>
		</spawn>
		<spawn x="16" y="10">
			<entity type="1999" variant="0" subtype="0" weight="1.0"/>
		</spawn>
		<spawn x="17" y="10">
			<entity type="1999" variant="0" subtype="0" weight="1.0"/>
		</spawn>
		<spawn x="18" y="10">
			<entity type="1999" variant="0" subtype="0" weight="1.0"/>
		</spawn>
		<spawn x="19" y="10">
			<entity type="1999" variant="0" subtype="0" weight="1.0"/>
		</spawn>
		<spawn x="0" y="11">
			<entity type="6000" variant="33" subtype="0" weight="1.0"/>
		</spawn>
		<spawn x="1" y="11">
			<entity type="17" variant="0" subtype="0" weight="1.0"/>
		</spawn>
		<spawn x="2" y="11">
			<entity type="1901" variant="0" subtype="0" weight="1.0"/>
		</spawn>
		<spawn x="3" y="11">
			<entity type="1901" variant="0" subtype="0" weight="1.0"/>
		</spawn>
		<spawn x="4" y="11">
			<entity type="1901" variant="0" subtype="0" weight="1.0"/>
		</spawn>
		<spawn x="5" y="11">
			<entity type="1901" variant="0" subtype="0" weight="1.0"/>
		</spawn>
		<spawn x="6" y="11">
			<entity type="1901" variant="0" subtype="0" weight="1.0"/>
		</spawn>
		<spawn x="7" y="11">
			<entity type="1901" variant="0" subtype="0" weight="1.0"/>
		</spawn>
		<spawn x="8" y="11">
			<entity type="1901" variant="0" subtype="0" weight="1.0"/>
		</spawn>
		<spawn x="9" y="11">
			<entity type="1901" variant="0" subtype="0" weight="1.0"/>
		</spawn>
		<spawn x="10" y="11">
			<entity type="1901" variant="0" subtype="0" weight="1.0"/>
		</spawn>
		<spawn x="11" y="11">
			<entity type="1901" variant="0" subtype="0" weight="1.0"/>
		</spawn>
		<spawn x="12" y="11">
			<entity type="1901" variant="0" subtype="0" weight="1.0"/>
		</spawn>
		<spawn x="13" y="11">
			<entity type="1901" variant="0" subtype="0" weight="1.0"/>
		</spawn>
		<spawn x="14" y="11">
			<entity type="1901" variant="0" subtype="0" weight="1.0"/>
		</spawn>
		<spawn x="15" y="11">
			<entity type="1901" variant="0" subtype="0" weight="1.0"/>
		</spawn>
		<spawn x="16" y="11">
			<entity type="1901" variant="0" subtype="0" weight="1.0"/>
		</spawn>
		<spawn x="17" y="11">
			<entity type="1901" variant="0" subtype="0" weight="1.0"/>
		</spawn>
		<spawn x="18" y="11">
			<entity type="1901" variant="0" subtype="0" weight="1.0"/>
		</spawn>
		<spawn x="19" y="11">
			<entity type="1901" variant="0" subtype="0" weight="1.0"/>
		</spawn>
		<spawn x="20" y="11">
			<entity type="1901" variant="0" subtype="0" weight="1.0"/>
		</spawn>
		<spawn x="21" y="11">
			<entity type="1901" variant="0" subtype="0" weight="1.0"/>
		</spawn>
		<spawn x="22" y="11">
			<entity type="1901" variant="0" subtype="0" weight="1.0"/>
		</spawn>
		<spawn x="23" y="11">
			<entity type="1901" variant="0" subtype="0" weight="1.0"/>
		</spawn>
		<spawn x="24" y="11">
			<entity type="1901" variant="0" subtype="0" weight="1.0"/>
		</spawn>
		<spawn x="25" y="11">
			<entity type="1901" variant="0" subtype="0" weight="1.0"/>
		</spawn>
		<spawn x="0" y="12">
			<entity type="6000" variant="2" subtype="0" weight="1.0"/>
		</spawn>
		<spawn x="1" y="12">
			<entity type="6000" variant="3" subtype="0" weight="1.0"/>
		</spawn>
		<spawn x="2" y="12">
			<entity type="17" variant="3" subtype="0" weight="1.0"/>
		</spawn>
		<spawn x="5" y="12">
			<entity type="203" variant="0" subtype="1" weight="1.0"/>
		</spawn>
		<spawn x="0" y="13">
			<entity type="6000" variant="4" subtype="0" weight="1.0"/>
		</spawn>
		<spawn x="1" y="13">
			<entity type="6000" variant="5" subtype="0" weight="1.0"/>
		</spawn>
		<spawn x="2" y="13">
			<entity type="6000" variant="16" subtype="0" weight="1.0"/>
		</spawn>
		<spawn x="3" y="13">
			<entity type="6000" variant="7" subtype="0" weight="1.0"/>
		</spawn>
		<spawn x="4" y="13">
			<entity type="6000" variant="0" subtype="0" weight="1.0"/>
		</spawn>
		<spawn x="5" y="13">
			<entity type="6000" variant="32" subtype="0" weight="1.0"/>
		</spawn>
		<spawn x="6" y="13">
			<entity type="6000" variant="0" subtype="0" weight="1.0"/>
		</spawn>
		<spawn x="7" y="13">
			<entity type="6000" variant="0" subtype="0" weight="1.0"/>
		</spawn>
		<spawn x="8" y="13">
			<entity type="6000" variant="0" subtype="0" weight="1.0"/>
		</spawn>
		<spawn x="9" y="13">
			<entity type="6000" variant="0" subtype="0" weight="1.0"/>
		</spawn>
		<spawn x="10" y="13">
			<entity type="6000" variant="0" subtype="0" weight="1.0"/>
		</spawn>
		<spawn x="11" y="13">
			<entity type="6000" variant="0" subtype="0" weight="1.0"/>
		</spawn>
		<spawn x="12" y="13">
			<entity type="6000" variant="0" subtype="0" weight="1.0"/>
		</spawn>
		<spawn x="13" y="13">
			<entity type="6000" variant="0" subtype="0" weight="1.0"/>
		</spawn>
		<spawn x="14" y="13">
			<entity type="6000" variant="0" subtype="0" weight="1.0"/>
		</spawn>
		<spawn x="15" y="13">
			<entity type="6000" variant="0" subtype="0" weight="1.0"/>
		</spawn>
		<spawn x="16" y="13">
			<entity type="6000" variant="0" subtype="0" weight="1.0"/>
		</spawn>
		<spawn x="17" y="13">
			<entity type="6000" variant="0" subtype="0" weight="1.0"/>
		</spawn>
		<spawn x="18" y="13">
			<entity type="6000" variant="0" subtype="0" weight="1.0"/>
		</spawn>
		<spawn x="19" y="13">
			<entity type="6000" variant="0" subtype="0" weight="1.0"/>
		</spawn>
		<spawn x="20" y="13">
			<entity type="6000" variant="16" subtype="0" weight="1.0"/>
		</spawn>
		<spawn x="21" y="13">
			<entity type="6000" variant="0" subtype="0" weight="1.0"/>
		</spawn>
		<spawn x="22" y="13">
			<entity type="6000" variant="0" subtype="0" weight="1.0"/>
		</spawn>
		<spawn x="23" y="13">
			<entity type="6000" variant="0" subtype="0" weight="1.0"/>
		</spawn>
		<spawn x="24" y="13">
			<entity type="6000" variant="0" subtype="0" weight="1.0"/>
		</spawn>
		<spawn x="25" y="13">
			<entity type="6000" variant="8" subtype="0" weight="1.0"/>
		</spawn>
	</room>
	<room variant="23509" name="Bank_drgs" type="9" subtype="0" shape="7" width="26" height="7" difficulty="2" weight="0.0">
		<door exists="True" x="-1" y="3"/>
		<door exists="False" x="26" y="3"/>
	</room>
	<room variant="23550" name="Bank_Corridor_reminder" type="9" subtype="0" shape="8" width="26" height="14" difficulty="2" weight="0.0">
		<door exists="False" x="-1" y="3"/>
		<door exists="False" x="-1" y="10"/>
		<door exists="True" x="6" y="-1"/>
		<door exists="False" x="6" y="14"/>
		<door exists="False" x="19" y="-1"/>
		<door exists="False" x="19" y="14"/>
		<door exists="False" x="26" y="3"/>
		<door exists="False" x="26" y="10"/>
		<spawn x="8" y="0">
			<entity type="809" variant="0" subtype="0" weight="1.0"/>
		</spawn>
		<spawn x="16" y="0">
			<entity type="809" variant="0" subtype="0" weight="1.0"/>
		</spawn>
		<spawn x="1" y="1">
			<entity type="6" variant="4" subtype="0" weight="1.0"/>
		</spawn>
		<spawn x="2" y="1">
			<entity type="999" variant="74" subtype="0" weight="1.0"/>
		</spawn>
		<spawn x="3" y="1">
			<entity type="6" variant="4" subtype="0" weight="1.0"/>
		</spawn>
		<spawn x="5" y="1">
			<entity type="6" variant="4" subtype="0" weight="1.0"/>
		</spawn>
		<spawn x="6" y="1">
			<entity type="999" variant="74" subtype="0" weight="1.0"/>
		</spawn>
		<spawn x="7" y="1">
			<entity type="6" variant="4" subtype="0" weight="1.0"/>
		</spawn>
		<spawn x="9" y="1">
			<entity type="6" variant="4" subtype="0" weight="1.0"/>
		</spawn>
		<spawn x="10" y="1">
			<entity type="999" variant="74" subtype="0" weight="1.0"/>
		</spawn>
		<spawn x="11" y="1">
			<entity type="6" variant="4" subtype="0" weight="1.0"/>
		</spawn>
		<spawn x="13" y="1">
			<entity type="6" variant="18" subtype="0" weight="1.0"/>
		</spawn>
		<spawn x="14" y="1">
			<entity type="999" variant="74" subtype="0" weight="1.0"/>
		</spawn>
		<spawn x="15" y="1">
			<entity type="6" variant="18" subtype="0" weight="1.0"/>
		</spawn>
		<spawn x="17" y="1">
			<entity type="6" variant="4" subtype="0" weight="1.0"/>
		</spawn>
		<spawn x="18" y="1">
			<entity type="999" variant="74" subtype="0" weight="1.0"/>
		</spawn>
		<spawn x="19" y="1">
			<entity type="6" variant="4" subtype="0" weight="1.0"/>
		</spawn>
		<spawn x="21" y="1">
			<entity type="6" variant="4" subtype="0" weight="1.0"/>
		</spawn>
		<spawn x="22" y="1">
			<entity type="999" variant="74" subtype="0" weight="1.0"/>
		</spawn>
		<spawn x="23" y="1">
			<entity type="6" variant="4" subtype="0" weight="1.0"/>
		</spawn>
		<spawn x="1" y="2">
			<entity type="6" variant="4" subtype="0" weight="1.0"/>
		</spawn>
		<spawn x="3" y="2">
			<entity type="6" variant="4" subtype="0" weight="1.0"/>
		</spawn>
		<spawn x="5" y="2">
			<entity type="6" variant="13" subtype="0" weight="1.0"/>
		</spawn>
		<spawn x="7" y="2">
			<entity type="6" variant="7" subtype="0" weight="1.0"/>
		</spawn>
		<spawn x="9" y="2">
			<entity type="6" variant="5" subtype="0" weight="1.0"/>
		</spawn>
		<spawn x="11" y="2">
			<entity type="6" variant="18" subtype="0" weight="1.0"/>
		</spawn>
		<spawn x="13" y="2">
			<entity type="6" variant="5" subtype="0" weight="1.0"/>
		</spawn>
		<spawn x="15" y="2">
			<entity type="6" variant="5" subtype="0" weight="1.0"/>
		</spawn>
		<spawn x="17" y="2">
			<entity type="6" variant="13" subtype="0" weight="1.0"/>
		</spawn>
		<spawn x="19" y="2">
			<entity type="6" variant="18" subtype="0" weight="1.0"/>
		</spawn>
		<spawn x="21" y="2">
			<entity type="6" variant="18" subtype="0" weight="1.0"/>
		</spawn>
		<spawn x="23" y="2">
			<entity type="6" variant="5" subtype="0" weight="1.0"/>
		</spawn>
		<spawn x="4" y="3">
			<entity type="809" variant="0" subtype="0" weight="1.0"/>
		</spawn>
		<spawn x="12" y="3">
			<entity type="809" variant="0" subtype="0" weight="1.0"/>
		</spawn>
		<spawn x="20" y="3">
			<entity type="809" variant="0" subtype="0" weight="1.0"/>
		</spawn>
		<spawn x="1" y="4">
			<entity type="6" variant="4" subtype="0" weight="1.0"/>
		</spawn>
		<spawn x="2" y="4">
			<entity type="999" variant="74" subtype="0" weight="1.0"/>
		</spawn>
		<spawn x="3" y="4">
			<entity type="6" variant="4" subtype="0" weight="1.0"/>
		</spawn>
		<spawn x="5" y="4">
			<entity type="6" variant="13" subtype="0" weight="1.0"/>
		</spawn>
		<spawn x="6" y="4">
			<entity type="999" variant="74" subtype="0" weight="1.0"/>
		</spawn>
		<spawn x="7" y="4">
			<entity type="6" variant="4" subtype="0" weight="1.0"/>
		</spawn>
		<spawn x="9" y="4">
			<entity type="6" variant="7" subtype="0" weight="1.0"/>
		</spawn>
		<spawn x="10" y="4">
			<entity type="999" variant="74" subtype="0" weight="1.0"/>
		</spawn>
		<spawn x="11" y="4">
			<entity type="6" variant="13" subtype="0" weight="1.0"/>
		</spawn>
		<spawn x="13" y="4">
			<entity type="6" variant="18" subtype="0" weight="1.0"/>
		</spawn>
		<spawn x="14" y="4">
			<entity type="999" variant="74" subtype="0" weight="1.0"/>
		</spawn>
		<spawn x="15" y="4">
			<entity type="6" variant="5" subtype="0" weight="1.0"/>
		</spawn>
		<spawn x="17" y="4">
			<entity type="6" variant="5" subtype="0" weight="1.0"/>
		</spawn>
		<spawn x="18" y="4">
			<entity type="999" variant="74" subtype="0" weight="1.0"/>
		</spawn>
		<spawn x="19" y="4">
			<entity type="6" variant="4" subtype="0" weight="1.0"/>
		</spawn>
		<spawn x="21" y="4">
			<entity type="6" variant="18" subtype="0" weight="1.0"/>
		</spawn>
		<spawn x="22" y="4">
			<entity type="999" variant="74" subtype="0" weight="1.0"/>
		</spawn>
		<spawn x="23" y="4">
			<entity type="6" variant="18" subtype="0" weight="1.0"/>
		</spawn>
		<spawn x="1" y="5">
			<entity type="6" variant="7" subtype="0" weight="1.0"/>
		</spawn>
		<spawn x="3" y="5">
			<entity type="6" variant="13" subtype="0" weight="1.0"/>
		</spawn>
		<spawn x="5" y="5">
			<entity type="6" variant="9" subtype="0" weight="1.0"/>
		</spawn>
		<spawn x="7" y="5">
			<entity type="6" variant="13" subtype="0" weight="1.0"/>
		</spawn>
		<spawn x="9" y="5">
			<entity type="6" variant="18" subtype="0" weight="1.0"/>
		</spawn>
		<spawn x="11" y="5">
			<entity type="6" variant="5" subtype="0" weight="1.0"/>
		</spawn>
		<spawn x="13" y="5">
			<entity type="6" variant="4" subtype="0" weight="1.0"/>
		</spawn>
		<spawn x="15" y="5">
			<entity type="6" variant="4" subtype="0" weight="1.0"/>
		</spawn>
		<spawn x="17" y="5">
			<entity type="6" variant="4" subtype="0" weight="1.0"/>
		</spawn>
		<spawn x="19" y="5">
			<entity type="6" variant="5" subtype="0" weight="1.0"/>
		</spawn>
		<spawn x="21" y="5">
			<entity type="6" variant="7" subtype="0" weight="1.0"/>
		</spawn>
		<spawn x="23" y="5">
			<entity type="6" variant="5" subtype="0" weight="1.0"/>
		</spawn>
		<spawn x="0" y="6">
			<entity type="809" variant="0" subtype="0" weight="1.0"/>
		</spawn>
		<spawn x="12" y="6">
			<entity type="809" variant="0" subtype="0" weight="1.0"/>
		</spawn>
		<spawn x="25" y="6">
			<entity type="809" variant="0" subtype="0" weight="1.0"/>
		</spawn>
		<spawn x="0" y="7">
			<entity type="809" variant="0" subtype="0" weight="1.0"/>
		</spawn>
		<spawn x="12" y="7">
			<entity type="809" variant="0" subtype="0" weight="1.0"/>
		</spawn>
		<spawn x="25" y="7">
			<entity type="809" variant="0" subtype="0" weight="1.0"/>
		</spawn>
		<spawn x="1" y="8">
			<entity type="6" variant="18" subtype="0" weight="1.0"/>
		</spawn>
		<spawn x="2" y="8">
			<entity type="999" variant="74" subtype="0" weight="1.0"/>
		</spawn>
		<spawn x="3" y="8">
			<entity type="6" variant="4" subtype="0" weight="1.0"/>
		</spawn>
		<spawn x="5" y="8">
			<entity type="6" variant="4" subtype="0" weight="1.0"/>
		</spawn>
		<spawn x="6" y="8">
			<entity type="999" variant="74" subtype="0" weight="1.0"/>
		</spawn>
		<spawn x="7" y="8">
			<entity type="6" variant="7" subtype="0" weight="1.0"/>
		</spawn>
		<spawn x="9" y="8">
			<entity type="6" variant="4" subtype="0" weight="1.0"/>
		</spawn>
		<spawn x="10" y="8">
			<entity type="999" variant="74" subtype="0" weight="1.0"/>
		</spawn>
		<spawn x="11" y="8">
			<entity type="6" variant="13" subtype="0" weight="1.0"/>
		</spawn>
		<spawn x="13" y="8">
			<entity type="6" variant="4" subtype="0" weight="1.0"/>
		</spawn>
		<spawn x="14" y="8">
			<entity type="999" variant="74" subtype="0" weight="1.0"/>
		</spawn>
		<spawn x="15" y="8">
			<entity type="6" variant="4" subtype="0" weight="1.0"/>
		</spawn>
		<spawn x="17" y="8">
			<entity type="6" variant="7" subtype="0" weight="1.0"/>
		</spawn>
		<spawn x="18" y="8">
			<entity type="999" variant="74" subtype="0" weight="1.0"/>
		</spawn>
		<spawn x="19" y="8">
			<entity type="6" variant="5" subtype="0" weight="1.0"/>
		</spawn>
		<spawn x="21" y="8">
			<entity type="6" variant="13" subtype="0" weight="1.0"/>
		</spawn>
		<spawn x="22" y="8">
			<entity type="999" variant="74" subtype="0" weight="1.0"/>
		</spawn>
		<spawn x="23" y="8">
			<entity type="6" variant="13" subtype="0" weight="1.0"/>
		</spawn>
		<spawn x="1" y="9">
			<entity type="6" variant="5" subtype="0" weight="1.0"/>
		</spawn>
		<spawn x="3" y="9">
			<entity type="6" variant="13" subtype="0" weight="1.0"/>
		</spawn>
		<spawn x="5" y="9">
			<entity type="6" variant="13" subtype="0" weight="1.0"/>
		</spawn>
		<spawn x="7" y="9">
			<entity type="6" variant="7" subtype="0" weight="1.0"/>
		</spawn>
		<spawn x="9" y="9">
			<entity type="6" variant="5" subtype="0" weight="1.0"/>
		</spawn>
		<spawn x="11" y="9">
			<entity type="6" variant="18" subtype="0" weight="1.0"/>
		</spawn>
		<spawn x="13" y="9">
			<entity type="6" variant="5" subtype="0" weight="1.0"/>
		</spawn>
		<spawn x="15" y="9">
			<entity type="6" variant="5" subtype="0" weight="1.0"/>
		</spawn>
		<spawn x="17" y="9">
			<entity type="6" variant="13" subtype="0" weight="1.0"/>
		</spawn>
		<spawn x="19" y="9">
			<entity type="6" variant="18" subtype="0" weight="1.0"/>
		</spawn>
		<spawn x="21" y="9">
			<entity type="6" variant="18" subtype="0" weight="1.0"/>
		</spawn>
		<spawn x="23" y="9">
			<entity type="6" variant="7" subtype="0" weight="1.0"/>
		</spawn>
		<spawn x="4" y="10">
			<entity type="809" variant="0" subtype="0" weight="1.0"/>
		</spawn>
		<spawn x="12" y="10">
			<entity type="809" variant="0" subtype="0" weight="1.0"/>
		</spawn>
		<spawn x="20" y="10">
			<entity type="809" variant="0" subtype="0" weight="1.0"/>
		</spawn>
		<spawn x="1" y="11">
			<entity type="6" variant="4" subtype="0" weight="1.0"/>
		</spawn>
		<spawn x="2" y="11">
			<entity type="999" variant="74" subtype="0" weight="1.0"/>
		</spawn>
		<spawn x="3" y="11">
			<entity type="6" variant="4" subtype="0" weight="1.0"/>
		</spawn>
		<spawn x="5" y="11">
			<entity type="6" variant="18" subtype="0" weight="1.0"/>
		</spawn>
		<spawn x="6" y="11">
			<entity type="999" variant="74" subtype="0" weight="1.0"/>
		</spawn>
		<spawn x="7" y="11">
			<entity type="6" variant="4" subtype="0" weight="1.0"/>
		</spawn>
		<spawn x="9" y="11">
			<entity type="6" variant="4" subtype="0" weight="1.0"/>
		</spawn>
		<spawn x="10" y="11">
			<entity type="999" variant="74" subtype="0" weight="1.0"/>
		</spawn>
		<spawn x="11" y="11">
			<entity type="6" variant="7" subtype="0" weight="1.0"/>
		</spawn>
		<spawn x="13" y="11">
			<entity type="6" variant="7" subtype="0" weight="1.0"/>
		</spawn>
		<spawn x="14" y="11">
			<entity type="999" variant="74" subtype="0" weight="1.0"/>
		</spawn>
		<spawn x="15" y="11">
			<entity type="6" variant="4" subtype="0" weight="1.0"/>
		</spawn>
		<spawn x="17" y="11">
			<entity type="6" variant="18" subtype="0" weight="1.0"/>
		</spawn>
		<spawn x="18" y="11">
			<entity type="999" variant="74" subtype="0" weight="1.0"/>
		</spawn>
		<spawn x="19" y="11">
			<entity type="6" variant="4" subtype="0" weight="1.0"/>
		</spawn>
		<spawn x="21" y="11">
			<entity type="6" variant="7" subtype="0" weight="1.0"/>
		</spawn>
		<spawn x="22" y="11">
			<entity type="999" variant="74" subtype="0" weight="1.0"/>
		</spawn>
		<spawn x="23" y="11">
			<entity type="6" variant="4" subtype="0" weight="1.0"/>
		</spawn>
		<spawn x="1" y="12">
			<entity type="6" variant="4" subtype="0" weight="1.0"/>
		</spawn>
		<spawn x="3" y="12">
			<entity type="6" variant="13" subtype="0" weight="1.0"/>
		</spawn>
		<spawn x="5" y="12">
			<entity type="6" variant="13" subtype="0" weight="1.0"/>
		</spawn>
		<spawn x="7" y="12">
			<entity type="6" variant="13" subtype="0" weight="1.0"/>
		</spawn>
		<spawn x="9" y="12">
			<entity type="6" variant="18" subtype="0" weight="1.0"/>
		</spawn>
		<spawn x="11" y="12">
			<entity type="6" variant="7" subtype="0" weight="1.0"/>
		</spawn>
		<spawn x="13" y="12">
			<entity type="6" variant="4" subtype="0" weight="1.0"/>
		</spawn>
		<spawn x="15" y="12">
			<entity type="6" variant="4" subtype="0" weight="1.0"/>
		</spawn>
		<spawn x="17" y="12">
			<entity type="6" variant="5" subtype="0" weight="1.0"/>
		</spawn>
		<spawn x="19" y="12">
			<entity type="6" variant="5" subtype="0" weight="1.0"/>
		</spawn>
		<spawn x="21" y="12">
			<entity type="6" variant="18" subtype="0" weight="1.0"/>
		</spawn>
		<spawn x="23" y="12">
			<entity type="6" variant="5" subtype="0" weight="1.0"/>
		</spawn>
		<spawn x="8" y="13">
			<entity type="809" variant="0" subtype="0" weight="1.0"/>
		</spawn>
		<spawn x="16" y="13">
			<entity type="809" variant="0" subtype="0" weight="1.0"/>
		</spawn>
	</room>
</rooms>
