<!--
	Challenge Format:
* name = challenge name
* id = challenge id
* startingitems = comma separated (nospace) item ids that will be added at the start
* startingtrinkets = comma separated (nospace) trinket ids that will be added at the start (max 2)
* startingpill = effect id of the starting pill (-1 for no pill | default)
* startingcard = card id of the starting card (can include runes) (-1 for random tarot card, 0 for no card | default)
* playertype = player type id for player type to start with (0 for Isaac | default)
* endstage = the last stage of the challenge (use eLevelStage ids)
* roomfilter = list of room ids to not be generated in challenge [Not all room ids can be used] (NORMAL - 1, Shop - 2, Error - 3, Treasure - 4, Boss - 5, Miniboss - 6, Secret - 7, SuperSecret - 8, Arcade - 9, Curse - 10, Challenge - 11, Library - 12, Sacrifice - 13, Devil - 14, Angel - 15, Dungeon - 16, Bossrush - 17, Isaacs - 18, Barren - 19, Chest - 20, Dice - 21, BMarket - 22).
* cursefilter = bitmask for curses to be removed (Darkness = 1, Labyrinth = 2, Lost = 4, Unknown = 8, Cursed = 16)
* getcurse = bitmask for curses to be forced (Same id's as curse filter)
* achievements = list of achievement ids that are required to be able to play the challenge
* altpath = alternative floor for light/dark path (isaac/satan)
* canshoot = determines if player can shoot (true | default)
* redhp = add red hp
* maxhp = add hp container
* soulhp = add soul hp
* blackhp = add black hp
* coins = add coins
* maxdamage = maximal damage or more (clamps at min 100)
* adddamage = + damage up
* minfirerate = minimal fire rate or more
* minshotspeed = minimal shot speed or less
* bigrange = big range
* difficulty = game difficulty (0 - normal | default, 1 - hard)
* megasatan = last boss is megasatan
* secretpath = force Repentance alt path
-->
<challenges version="1">
	<challenge name="Feels Like Dead Ashes" playertype="21" endstage="12" megasatan="true" altpath="false" />
	<challenge name="Fans Service" playertype="1" endstage="12" megasatan="true" altpath="false" />
	<challenge name="Fusion Destiny" playertype="23" endstage="6" megasatan="false" altpath="false" roomfilter="4,2" />
	<challenge name="Invisible" playertype="24" endstage="11" megasatan="false" altpath="true" startingitems = "705" roomfilter="4,2"/>
	<!--challenge name="Global Pandemic" playertype="4" endstage="11" megasatan="true" altpath="false" /-->
	<!--challenge name="Broken keyboard" playertype="5" endstage="12" megasatan="true" altpath="false" /-->
	<challenge name="Pointing and Disappointing" playertype="6" endstage="12" megasatan="true" altpath="false" startingitems = "583"/>
	
	<!--challenge name="Fake Image" playertype="29" endstage="11" megasatan="false" altpath="false" /-->
	<challenge name="Unstable State" playertype="9" endstage="9" megasatan="false" altpath="false" />
	
	
	<challenge name="Louvre Puzzle" playertype="0" endstage="10"/>
	<challenge name="Cookie Clicker" playertype="15" endstage="11" canshoot = "false"/>
	
	<challenge name="Safe Driving" playertype="18" endstage="11" canshoot = "false" altpath = "true" />
	
	<challenge name="Heterothermal Concentric" playertype="19" endstage="8" megasatan="false" altpath="false" canshoot = "false"/>
</challenges>
