<entities anm2root="gfx/" version="5" deathanm2="gfx/death_enemies.anm2">
	<entity anm2path="003.2335_AirFlig.anm2" baseHP="0" boss="0" champion="0" collisionDamage="0" collisionMass="3" collisionRadius="15" friction="1" id="3" name="QingsAir" numGridCollisionPoints="12" shadowSize="15" stageHP="0" variant="2335">
        <gibs amount="0" blood="0" bone="0" eye="0" gut="0" large="0" />
    </entity>
	<entity anm2path="1000.2335_QingMarks.anm2" baseHP="0" boss="0" champion="0" collisionDamage="0" collisionMass="0" collisionRadius="1" friction="0.95" id="1000" name="QingsMark" numGridCollisionPoints="0" shadowSize="0" stageHP="0" variant="2335">
        <gibs amount="0" blood="0" bone="0" eye="0" gut="0" large="0" />
    </entity>
	<entity anm2path="1000.031_Dr. Fetus Rocket.anm2" baseHP="0" boss="0" champion="0" collisionDamage="0" collisionMass="0" collisionRadius="1" friction="0" id="1000" name="MeusRocket" numGridCollisionPoints="0" shadowSize="22" stageHP="0" variant="2336">
        <gibs amount="0" blood="0" bone="0" eye="0" gut="0" large="0" />
    </entity>
	<entity anm2path="1000.030_Dr. Fetus Target.anm2" baseHP="0" boss="0" champion="0" collisionDamage="0" collisionMass="0" collisionRadius="1" friction="0.95" id="1000" name="MeusFetus" numGridCollisionPoints="0" shadowSize="0" stageHP="0" variant="2337">
        <gibs amount="0" blood="0" bone="0" eye="0" gut="0" large="0" />
    </entity>
	<entity anm2path="1000.2338_NILL.anm2" baseHP="0" boss="0" champion="0" collisionDamage="0" collisionMass="0" collisionRadius="10" friction="1" id="1000" name="MeusNil" numGridCollisionPoints="0" shadowSize="0" stageHP="0" variant="2338">
        <gibs amount="0" blood="0" bone="0" eye="0" gut="0" large="0" />
    </entity>
	<entity anm2path="008.2335_stabberknife.anm2" baseHP="0" boss="0" champion="0" collisionDamage="0" collisionMass="0" collisionRadius="5" friction="1" id="8" name="StabberKnife" numGridCollisionPoints="0" shadowSize="0" stageHP="0" variant="2339">
        <gibs amount="0" blood="0" bone="0" eye="0" gut="0" large="0" />
    </entity>
	<entity anm2path="1000.2340_Link.anm2" baseHP="0" boss="0" champion="0" collisionDamage="0" collisionMass="0" collisionRadius="1" friction="0" id="1000" name="MeusLink" numGridCollisionPoints="0" shadowSize="0" stageHP="0" variant="2342">
        <gibs amount="0" blood="0" bone="0" eye="0" gut="0" large="0" />
    </entity>
	<entity anm2path="008.010_spirit sword.anm2" baseHP="0" boss="0" champion="0" collisionDamage="0" collisionMass="0" collisionRadius="80" friction="1" id="8" name="MeusSword" numGridCollisionPoints="0" shadowSize="0" stageHP="0" variant="2340">
        <gibs amount="0" blood="0" bone="0" eye="0" gut="0" large="0" />
    </entity>
	
	<entity anm2path="chargebar_Qing.anm2" variant="2341" baseHP="0" boss="0" champion="0" collisionDamage="0" collisionMass="0" collisionRadius="0" friction="1" id="1000" name="Qing Bar" numGridCollisionPoints="1" shadowSize="0" stageHP="0">
        <gibs amount="0" blood="0" bone="0" eye="0" gut="0" large="0" />
    </entity>
	
	<entity anm2path="glaze_heart.anm2" baseHP="0" boss="0" champion="0" collisionDamage="0" collisionMass="3" collisionRadius="12" friction="1" id="5" name="Glaze_heart" 
    numGridCollisionPoints="24" shadowSize="17" variant="10" stageHP="0" subtype="2350">
        <gibs amount="0" blood="0" bone="0" eye="0" gut="0" large="0" />
        <preload-snd id="54" />
    </entity>
	<entity anm2path="glaze_heart_half.anm2" baseHP="0" boss="0" champion="0" collisionDamage="0" collisionMass="3" collisionRadius="12" friction="1" id="5" name="Glaze_heart_half" 
    numGridCollisionPoints="24" shadowSize="17" variant="10" stageHP="0" subtype="2351">
        <gibs amount="0" blood="0" bone="0" eye="0" gut="0" large="0" />
        <preload-snd id="54" />
    </entity>
	<entity anm2path="glaze_key.anm2" baseHP="0" boss="0" champion="0" collisionDamage="0" collisionMass="3" collisionRadius="12" friction="1" id="5" name="Glaze_key" numGridCollisionPoints="24" shadowSize="13" stageHP="0" variant="30" subtype="2352">
        <gibs amount="0" blood="0" bone="0" eye="0" gut="0" large="0" />
	    <preload-snd id="58" /> 
    </entity>
	<entity anm2path="glaze_grabbag.anm2" baseHP="0" boss="0" champion="0" collisionDamage="0" collisionMass="3" collisionRadius="12" friction="1" id="5" name="Glaze_grabbag" numGridCollisionPoints="24" shadowSize="18" stageHP="0" variant="69" subtype="2353">
        <gibs amount="0" blood="0" bone="0" eye="0" gut="0" large="0" />
    </entity>
	<entity anm2path="glaze_coin.anm2" baseHP="0" boss="0" champion="0" collisionDamage="0" collisionMass="3" collisionRadius="12" friction="1" id="5" name="Glaze_coin" numGridCollisionPoints="24" shadowSize="14" stageHP="0" variant="2354" subtype="2354">
        <gibs amount="0" blood="0" bone="0" eye="0" gut="0" large="0" />
	    <preload-snd id="234" /> <!-- PENNYPICKUP -->
    </entity>
	 <entity anm2path="glaze_bomb.anm2" baseHP="0" boss="0" champion="0" collisionDamage="0" collisionMass="3" collisionRadius="12" friction="1" id="5" name="Glaze_bomb" numGridCollisionPoints="24" shadowSize="14" stageHP="0" variant="40" subtype="2355">
        <gibs amount="0" blood="0" bone="0" eye="0" gut="0" large="0" />
	    <preload-snd id="201" /> <!-- FETUS_FEET -->
    </entity>
	 <entity anm2path="glaze_littlebattery.anm2" baseHP="0" boss="0" champion="0" collisionDamage="0" collisionMass="3" collisionRadius="12" friction="1" id="5" name="Glaze_battery" numGridCollisionPoints="24" shadowSize="17" stageHP="0" variant="90" subtype="2356">
        <gibs amount="0" blood="0" bone="0" eye="0" gut="0" large="0" />
    </entity>
	<entity anm2path="glaze_locked chest.anm2" baseHP="0" boss="0" champion="0" collisionDamage="0" collisionMass="3" collisionRadius="12" friction="1" id="5" name="Glaze_chest" numGridCollisionPoints="24" shadowSize="27" stageHP="0" variant="2357" subtype="2357">
        <gibs amount="0" blood="0" bone="0" eye="0" gut="0" large="0" />
	    <preload-snd id="22" /> <!-- CHEST_OPEN -->
	    <preload-snd id="156" /> <!-- UNLOCK00 -->
    </entity>
	<entity anm2path="glaze_big poop nugget.anm2" baseHP="0" boss="0" champion="0" collisionDamage="0" collisionMass="3" collisionRadius="12" friction="1" id="5" name="Glaze_big_poop" numGridCollisionPoints="24" shadowSize="17" stageHP="0" variant="42" subtype="2358">
        <gibs amount="0" blood="0" bone="0" eye="0" gut="0" large="0"/>
        <preload-snd id="458"/>
    </entity>
	
	<entity anm2path="glaze_dice_shard.anm2" baseHP="0" boss="0" champion="0" collisionDamage="0" collisionMass="3" collisionRadius="12" friction="1" id="5" name="Glazed Dice Shard" numGridCollisionPoints="24" shadowSize="16" stageHP="0" variant="300" subtype="2359">
	    <preload-snd id="8" /> 
    </entity>
	
	<entity anm2path="qing_s_soul.anm2" baseHP="0" boss="0" champion="0" collisionDamage="0" collisionMass="3" collisionRadius="12" friction="1" id="5" name="Qing_s Soul" numGridCollisionPoints="24" shadowSize="16" stageHP="0" variant="300" subtype="2360">
	    <preload-snd id="8" /> 
    </entity>
	
	<entity anm2path="boss/Princess_glaze.anm2" name="Princess Glaze" id="996" variant="23510" boss="1" baseHP="10000"
    bossID="23510" 
    collisionDamage="1" collisionRadius="16" numGridCollisionPoints="8" collisionMass="100" friction="1" shadowSize="16"
    tags="nodelirium noreroll" gridCollision="walls" reroll="false" shutdoors="true" portrait="0" >
		<gibs amount="1" blood="1" bone="2" eye="2" gut="1" large="1" />
        <bestiary transform="0,0,1" anim="Idle" />
    </entity>
	
	<entity anm2path="enemies/board.anm2" baseHP="0" boss="0" champion="0" collisionDamage="0" collisionMass="0" collisionRadius="1" friction="1" id="1000" name="Chess Board" numGridCollisionPoints="0" shadowSize="0" stageHP="0" variant="23750">
        <gibs amount="0" blood="0" bone="0" eye="0" gut="0" large="0" />
    </entity>
	<entity anm2path="enemies/pieces.anm2" name="Chess Piece" id="996" variant="23751" boss="0" baseHP="50"
    collisionDamage="1" collisionRadius="16" numGridCollisionPoints="8" collisionMass="1000" friction="1" shadowSize="16"
    tags="nodelirium" reroll="true" shutdoors="true" portrait="2" >
		<gibs amount="0" blood="0" bone="0" eye="0" gut="0" large="0" />
        <bestiary transform="0,0,1" anim="Idle" />
    </entity>
	
	<entity anm2path="enemies/framony.anm2" name="Framony" id="996" variant="23755" boss="1" baseHP="996" bossID="23755" collisionDamage="1" collisionRadius="16" numGridCollisionPoints="8" collisionMass="1000" friction="1" shadowSize="16"
    tags="nodelirium noreroll" gridCollision="walls" reroll="false" shutdoors="true" portrait="1" >
		<gibs amount="0" blood="0" bone="0" eye="0" gut="0" large="0" />
        <bestiary transform="0,0,1" anim="Idle" />
    </entity>
	<entity anm2path="enemies/strike.anm2" baseHP="100" boss="0" champion="0" collisionDamage="1" collisionMass="1000" collisionRadius="20" friction="1" id="1000" name="staff strike" numGridCollisionPoints="0" shadowSize="15" stageHP="0" variant="23756">
        <gibs amount="0" blood="0" bone="0" eye="0" gut="0" large="0" />
    </entity>
	
	<entity anm2path="bard_beggar.anm2" baseHP="1" boss="0" champion="0" collisionDamage="0" collisionMass="3" collisionRadius="12" friction="1" id="996" name="Bard Beggar" numGridCollisionPoints="24" shadowSize="15" stageHP="0" variant="23760" shutdoors="false">
        <gibs amount="6" blood="1" bone="1" eye="1" gut="1" large="0"/>
    </entity>
	
	<entity anm2path="blaststone.anm2" baseHP="0" boss="0" champion="0" collisionDamage="0" collisionMass="3" collisionRadius="12" friction="1" id="1000" name="Blaststone" numGridCollisionPoints="0" shadowSize="0" stageHP="0" variant="2361">
        <gibs amount="0" blood="0" bone="0" eye="0" gut="0" large="0" />
    </entity>
	
	<entity anm2path="brimstream.anm2" baseHP="0" boss="0" champion="0" collisionDamage="0" collisionMass="3" collisionRadius="15" friction="1" id="3" name="Brimstream" numGridCollisionPoints="12" shadowSize="15" stageHP="0" variant="2362">
        <gibs amount="0" blood="0" bone="0" eye="0" gut="0" large="0" />
    </entity>
	
	<entity anm2path="enemies/hreeze.anm2" name="Hreeze" id="996" variant="23763" boss="1" baseHP="996" bossID="23763" collisionDamage="1" collisionRadius="16" numGridCollisionPoints="8" collisionMass="1000" friction="1" shadowSize="16" shieldStrength="5" 
    tags="nodelirium noreroll" gridCollision="walls" reroll="false" shutdoors="true" portrait="3" >
		<gibs amount="0" blood="0" bone="0" eye="0" gut="0" large="0" />
        <bestiary transform="0,0,1" anim="Idle" />
    </entity>
	
	<entity anm2path="littleduck.anm2" baseHP="99999" boss="0" champion="0" collisionDamage="0" shutdoors="false" collisionMass="3" collisionRadius="15" friction="1" id="996" name="littleduck" numGridCollisionPoints="12" shadowSize="15" stageHP="0" variant="2364">
        <gibs amount="0" blood="0" bone="0" eye="0" gut="0" large="0" />
    </entity>
	
	<entity anm2path="enemies/wildwind.anm2" baseHP="0" boss="0" champion="0" collisionDamage="0" collisionMass="0" collisionRadius="1" friction="1" id="1000" name="Wildwind" numGridCollisionPoints="0" shadowSize="0" stageHP="0" variant="23765">
        <gibs amount="0" blood="0" bone="0" eye="0" gut="0" large="0" />
    </entity>
	
	<entity anm2path="tiandian.anm2" baseHP="0" boss="0" champion="0" collisionDamage="0" collisionMass="3" collisionRadius="15" friction="1" id="3" name="Tiandian" numGridCollisionPoints="12" shadowSize="15" stageHP="0" variant="2366">
        <gibs amount="0" blood="0" bone="0" eye="0" gut="0" large="0" />
    </entity>
	
	<entity anm2path="trans_field_door.anm2" baseHP="0" boss="0" champion="0" collisionDamage="0" collisionMass="0" collisionRadius="10" friction="1" id="1000" name="trans field door" numGridCollisionPoints="0" shadowSize="0" stageHP="0" variant="2367">
        <gibs amount="0" blood="0" bone="0" eye="0" gut="0" large="0" />
    </entity>
	
	<entity anm2path="enemies/chimella.anm2" name="chimella" id="996" variant="23768" boss="0" baseHP="100" collisionDamage="1" collisionRadius="16" numGridCollisionPoints="8" collisionMass="10" friction="1" shadowSize="16"
    tags="nodelirium noreroll" gridCollision="walls" reroll="false" shutdoors="true" portrait="4" >
		<gibs amount="0" blood="0" bone="0" eye="0" gut="0" large="0" />
        <bestiary transform="0,0,1" anim="Idle" />
    </entity>
	
	<entity anm2path="Emblem.anm2" baseHP="0" boss="0" champion="0" collisionDamage="0" collisionMass="3" collisionRadius="15" friction="1" id="3" name="My Emblem" numGridCollisionPoints="12" shadowSize="15" stageHP="0" variant="2369">
        <gibs amount="0" blood="0" bone="0" eye="0" gut="0" large="0" />
    </entity>
	<entity anm2path="Air_Terror.anm2" baseHP="0" boss="0" champion="0" collisionDamage="0" collisionMass="3" collisionRadius="15" friction="1" id="3" name="Air Terror" numGridCollisionPoints="12" shadowSize="15" stageHP="0" variant="2370">
        <gibs amount="0" blood="0" bone="0" eye="0" gut="0" large="0" />
    </entity>
	
	<entity anm2path="Hyper_Velocity.anm2" name="Harmony" id="996" variant="23771" boss="0" baseHP="10000" collisionDamage="5" collisionRadius="28" numGridCollisionPoints="1" collisionMass="1000" friction="1" shadowSize="28"
    tags="nodelirium noreroll" gridCollision="none" reroll="false" shutdoors="false" portrait="5" >
		<gibs amount="0" blood="0" bone="0" eye="0" gut="0" large="0" />
        <bestiary transform="0,0,1" anim="Car" />
    </entity>
	<entity anm2path="glaze_familiar_key.anm2" baseHP="0" boss="0" champion="0" collisionDamage="0" collisionMass="3" collisionRadius="15" friction="1" id="3" name="Glaze Chest Key" numGridCollisionPoints="12" shadowSize="15" stageHP="0" variant="2372">
        <gibs amount="0" blood="0" bone="0" eye="0" gut="0" large="0" />
    </entity>
	<entity anm2path="glaze_familiar_key.anm2" baseHP="0" boss="0" champion="0" collisionDamage="0" collisionMass="3" collisionRadius="15" friction="1" id="3" name="Glaze Chest Key2" numGridCollisionPoints="12" shadowSize="15" stageHP="0" variant="2373">
        <gibs amount="0" blood="0" bone="0" eye="0" gut="0" large="0" />
    </entity>
	<entity anm2path="mimic_isaac.anm2" baseHP="0" boss="0" champion="0" collisionDamage="0" collisionMass="3" collisionRadius="15" friction="1" id="5" name="Isaac on bed" numGridCollisionPoints="12" shadowSize="15" stageHP="0" variant="2374">
        <gibs amount="0" blood="0" bone="0" eye="0" gut="0" large="0" />
    </entity>
	
	<entity anm2path="Round_trip_Rail_Ticket.anm2" baseHP="0" boss="0" champion="0" collisionDamage="0" collisionMass="3" collisionRadius="12" friction="1" id="5" name="Round trip Rail Ticket" numGridCollisionPoints="24" shadowSize="16" stageHP="0" variant="300" subtype="2375">
	    <preload-snd id="8" /> 
    </entity>
	<entity anm2path="One_way_Rail_Ticket.anm2" baseHP="0" boss="0" champion="0" collisionDamage="0" collisionMass="3" collisionRadius="12" friction="1" id="5" name="One way Rail Ticket" numGridCollisionPoints="24" shadowSize="16" stageHP="0" variant="300" subtype="2376">
	    <preload-snd id="8" /> 
    </entity>
	<entity anm2path="Star_Pendulum.anm2" baseHP="0" boss="0" champion="0" collisionDamage="0" collisionMass="3" collisionRadius="32" friction="1" id="3" name="Star Pendulum" numGridCollisionPoints="12" shadowSize="0" stageHP="0" variant="2377">
        <gibs amount="0" blood="0" bone="0" eye="0" gut="0" large="0" />
    </entity>
	<entity anm2path="tarot_of_thoth.anm2" baseHP="0" boss="0" champion="0" collisionDamage="0" collisionMass="3" collisionRadius="12" friction="1" id="5" name="Thoth Tarot" numGridCollisionPoints="24" shadowSize="16" stageHP="0" variant="300" subtype="2378">
	    <preload-snd id="8" /> 
    </entity>
	<entity anm2path="tarot_of_thoth_reverse.anm2" baseHP="0" boss="0" champion="0" collisionDamage="0" collisionMass="3" collisionRadius="12" friction="1" id="5" name="Thoth Tarot reverse" numGridCollisionPoints="24" shadowSize="16" stageHP="0" variant="300" subtype="2379">
	    <preload-snd id="8" /> 
    </entity>
	<entity anm2path="Nazca.anm2" baseHP="0" boss="0" champion="0" collisionDamage="0" collisionMass="3" collisionRadius="3" friction="1" id="3" name="Nazca" numGridCollisionPoints="1" shadowSize="0" stageHP="0" variant="2380">
        <gibs amount="0" blood="0" bone="0" eye="0" gut="0" large="0" />
    </entity>
	<entity anm2path="Cloundy.anm2" baseHP="0" boss="0" champion="0" collisionDamage="0" collisionMass="3" collisionRadius="15" friction="1" id="3" name="Cloundy" numGridCollisionPoints="12" shadowSize="15" stageHP="0" variant="2381">
        <gibs amount="0" blood="0" bone="0" eye="0" gut="0" large="0" />
    </entity>
	
	<entity anm2path="enemies/Bum_emperor.anm2" name="Bum Emperor" id="996" variant="23782" boss="1" baseHP="996" bossID="23782" collisionDamage="1" collisionRadius="30" numGridCollisionPoints="8" collisionMass="1000" friction="1" shadowSize="16" shieldStrength="20" 
    tags="nodelirium noreroll" gridCollision="walls" reroll="false" shutdoors="true" portrait="3" >
		<gibs amount="0" blood="0" bone="0" eye="0" gut="0" large="0" />
        <bestiary transform="0,0,1" anim="Idle" />
    </entity>
	<entity anm2path="enemies/Bum_guard.anm2" name="Bum Guard" id="996" variant="23783" boss="0" baseHP="50" collisionDamage="1" collisionRadius="16" numGridCollisionPoints="8" collisionMass="5" friction="1" shadowSize="16" shieldStrength="10" 
    tags="nodelirium noreroll" gridCollision="walls" reroll="false" shutdoors="true" portrait="3" >
		<gibs amount="0" blood="0" bone="0" eye="0" gut="0" large="0" />
        <bestiary transform="0,0,1" anim="Idle" />
    </entity>
	
	<entity anm2path="enemies/Bum_spear.anm2" baseHP="99999" boss="0" champion="0" collisionDamage="1" shutdoors="false" collisionMass="3" collisionRadius="15" friction="1" id="996" name="Bum spear" numGridCollisionPoints="12" shadowSize="0" stageHP="0" variant="23784">
        <gibs amount="0" blood="0" bone="0" eye="0" gut="0" large="0" />
    </entity>
	<entity anm2path="enemies/Bum_arrow.anm2" baseHP="99999" boss="0" champion="0" collisionDamage="0" shutdoors="false" collisionMass="3" collisionRadius="15" friction="1" id="996" name="Bum arrow" numGridCollisionPoints="12" shadowSize="15" stageHP="0" variant="23785">
        <gibs amount="0" blood="0" bone="0" eye="0" gut="0" large="0" />
    </entity>
	
	<entity anm2path="Feeding_gifts.anm2" baseHP="0" boss="0" champion="0" collisionDamage="0" collisionMass="3" collisionRadius="12" friction="1" id="1000" name="Feeding Gift" numGridCollisionPoints="0" shadowSize="0" stageHP="0" variant="2386">
        <gibs amount="0" blood="0" bone="0" eye="0" gut="0" large="0" />
    </entity>
	
	<entity anm2path="_Tecro_Spear.anm2" baseHP="0" boss="0" champion="0" collisionDamage="0" collisionMass="0" collisionRadius="5" friction="1" id="8" name="Tecro Spear" numGridCollisionPoints="0" shadowSize="0" stageHP="0" variant="2387">
        <gibs amount="0" blood="0" bone="0" eye="0" gut="0" large="0" />
    </entity>
	<entity anm2path="1000.2338_NILL.anm2" baseHP="0" boss="0" champion="0" collisionDamage="0" shutdoors="false" collisionMass="0" collisionRadius="1" friction="1" id="1000" name="Shadollee" numGridCollisionPoints="0" shadowSize="0" stageHP="0" variant="2388">
        <gibs amount="0" blood="0" bone="0" eye="0" gut="0" large="0" />
    </entity>
</entities>