<ItemPools>
	<Pool Name="treasure">
		<Item DecreaseBy="1" Name="Touchstone" RemoveOn="0.1" Weight="1" />
		<Item DecreaseBy="1" Name="Tech 9" RemoveOn="0.1" Weight="1" />
		<Item DecreaseBy="1" Name="My Hat" RemoveOn="0.1" Weight="1" />
		<Item DecreaseBy="1" Name="Gold Rush" RemoveOn="0.1" Weight="1" />
		<Item DecreaseBy="1" Name="Air Flight" RemoveOn="0.1" Weight="1" />
		<Item DecreaseBy="1" Name="Mental Hypnosis" RemoveOn="0.1" Weight="1" />
		<Item DecreaseBy="1" Name="The Watcher" RemoveOn="0.1" Weight="1" />
		<Item DecreaseBy="1" Name="My Best Friend" RemoveOn="0.1" Weight="1" />
		<Item DecreaseBy="1" Name="Giant Punch" RemoveOn="0.1" Weight="1" />
		<Item DecreaseBy="0.2" Name="Super Bombs" RemoveOn="0.02" Weight="0.2" />
		<Item DecreaseBy="1" Name="Glaze Mushroom" RemoveOn="0.1" Weight="1" />
		<Item DecreaseBy="1" Name="Little Duck" RemoveOn="0.1" Weight="1" />
		<Item DecreaseBy="1" Name="Colorblindness" RemoveOn="0.1" Weight="1" />
		<Item DecreaseBy="1" Name="It's a trick!!" RemoveOn="0.1" Weight="1" />
		<Item DecreaseBy="1" Name="Field" RemoveOn="0.1" Weight="1" />
		<Item DecreaseBy="1" Name="My Emblem" RemoveOn="0.1" Weight="1" />
		<Item DecreaseBy="1" Name="D773" RemoveOn="0.1" Weight="1" />
		<Item DecreaseBy="1" Name="Hyper Velocity" RemoveOn="0.1" Weight="1" />
		<Item DecreaseBy="1" Name="Aphasia" RemoveOn="0.1" Weight="1" />
		<Item DecreaseBy="1" Name="Alchemy Pot" RemoveOn="0.1" Weight="1" />
		<Item DecreaseBy="1" Name="Wavering Eyes" RemoveOn="0.1" Weight="1" />
		<Item DecreaseBy="1" Name="Book of Thoth" RemoveOn="0.1" Weight="1" />
		<Item DecreaseBy="1" Name="Book of The Law" RemoveOn="0.1" Weight="1" />
		<Item DecreaseBy="1" Name="Book of Voice" RemoveOn="0.1" Weight="1" />
		<Item DecreaseBy="1" Name="Book of Vision" RemoveOn="0.1" Weight="1" />
		<Item DecreaseBy="1" Name="Nazca" RemoveOn="0.1" Weight="1" />
		<Item DecreaseBy="1" Name="Cloundy" RemoveOn="0.1" Weight="1" />
		<Item DecreaseBy="1" Name="Moment" RemoveOn="0.1" Weight="1" />
		<Item DecreaseBy="1" Name="Lofty" RemoveOn="0.1" Weight="1" />
		<Item DecreaseBy="1" Name="Cable Jar" RemoveOn="0.1" Weight="1" />
		<Item DecreaseBy="1" Name="Theseus's Sign" RemoveOn="0.1" Weight="1" />
		<Item DecreaseBy="1" Name="Tiramisu" RemoveOn="0.1" Weight="1" />
		<Item DecreaseBy="1" Name="Live Broadcast" RemoveOn="0.1" Weight="1" />
		<Item DecreaseBy="1" Name="Drama of sorrow and joy" RemoveOn="0.1" Weight="1" />
		<Item DecreaseBy="1" Name="Tzolkin" RemoveOn="0.1" Weight="1" />
		<Item DecreaseBy="0.5" Name="Pareidolia" RemoveOn="0.05" Weight="0.5" />
		<Item DecreaseBy="1" Name="Gospel" RemoveOn="0.1" Weight="1" />
		<Item DecreaseBy="1" Name="Tears of Pearl" RemoveOn="0.1" Weight="1" />
	</Pool>
	<Pool Name="shop">
		<Item DecreaseBy="0.5" Name="Memory" RemoveOn="0.05" Weight="0.5" />
		<Item DecreaseBy="1" Name="Black Map" RemoveOn="0.1" Weight="1" />
		<Item DecreaseBy="1" Name="It's a trick!!" RemoveOn="0.1" Weight="1" />
		<Item DecreaseBy="1" Name="More Options??!" RemoveOn="0.1" Weight="1" />
		<Item DecreaseBy="1" Name="Mental Hypnosis" RemoveOn="0.1" Weight="1" />
		<Item DecreaseBy="1" Name="Live Broadcast" RemoveOn="0.1" Weight="1" />
		<Item DecreaseBy="1" Name="Alchemy Pot" RemoveOn="0.1" Weight="1" />
	</Pool>
	<Pool Name="boss">
		<Item DecreaseBy="0.5" Name="Glaze Mushroom" RemoveOn="0.05" Weight="0.5" />
		<Item DecreaseBy="1" Name="Pageant Cross-dresser" RemoveOn="0.1" Weight="1" />
		<Item DecreaseBy="1" Name="Tiramisu" RemoveOn="0.1" Weight="1" />
		<Item DecreaseBy="1" Name="It's a trick!!" RemoveOn="0.1" Weight="1" />
	</Pool>
	<Pool Name="devil">
		<Item DecreaseBy="1" Name="Darkness" RemoveOn="0.1" Weight="1" />
		<Item DecreaseBy="1" Name="Assassin's Eye" RemoveOn="0.1" Weight="1" />
		<Item DecreaseBy="1" Name="Brimstream" RemoveOn="0.1" Weight="1" />
		<Item DecreaseBy="1" Name="Blaststone" RemoveOn="0.1" Weight="1" />
		<Item DecreaseBy="1" Name="Devil's Heart" RemoveOn="0.1" Weight="1" />
		<Item DecreaseBy="1" Name="Ingestion to Night" RemoveOn="0.1" Weight="1" />
		<Item DecreaseBy="1" Name="Book of The Law" RemoveOn="0.1" Weight="1" />
		<Item DecreaseBy="1" Name="Nazca" RemoveOn="0.1" Weight="1" />
		<Item DecreaseBy="1" Name="Heart Change" RemoveOn="0.1" Weight="1" />
		<Item DecreaseBy="1" Name="It's a trick!!" RemoveOn="0.1" Weight="1" />
		<Item DecreaseBy="1" Name="Drama of sorrow and joy" RemoveOn="0.1" Weight="1" />
		<Item DecreaseBy="1" Name="Tzolkin" RemoveOn="0.1" Weight="1" />
	</Pool>
	<Pool Name="angel">
		<Item DecreaseBy="1" Name="Crown of the Glaze" RemoveOn="0.1" Weight="1" />
		<Item DecreaseBy="1" Name="Apocalypse" RemoveOn="0.1" Weight="1" />
		<Item DecreaseBy="1" Name="Book of Future" RemoveOn="0.1" Weight="1" />
		<Item DecreaseBy="1" Name="Book of Vision" RemoveOn="0.1" Weight="1" />
		<Item DecreaseBy="1" Name="It's a trick!!" RemoveOn="0.1" Weight="1" />
		<Item DecreaseBy="1" Name="Cloundy" RemoveOn="0.1" Weight="1" />
		<Item DecreaseBy="1" Name="Skiel" RemoveOn="0.1" Weight="1" />
		<Item DecreaseBy="1" Name="Wisel" RemoveOn="0.1" Weight="1" />
		<Item DecreaseBy="1" Name="Granel" RemoveOn="0.1" Weight="1" />
		<Item DecreaseBy="1" Name="Heart Change" RemoveOn="0.1" Weight="1" />
		<Item DecreaseBy="1" Name="Moment" RemoveOn="0.1" Weight="1" />
		<Item DecreaseBy="1" Name="Lofty" RemoveOn="0.1" Weight="1" />
		<Item DecreaseBy="1" Name="Gospel" RemoveOn="0.1" Weight="1" />
	</Pool>
	<Pool Name="secret">
		<Item DecreaseBy="1" Name="Super Bombs" RemoveOn="0.1" Weight="1" />
		<Item DecreaseBy="1" Name="Fate's Draw" RemoveOn="0.1" Weight="1" />
		<Item DecreaseBy="1" Name="Air Flight" RemoveOn="0.1" Weight="1" />
		<Item DecreaseBy="1" Name="Field" RemoveOn="0.1" Weight="1" />
		<Item DecreaseBy="1" Name="It's a trick!!" RemoveOn="0.1" Weight="1" />
		<Item DecreaseBy="1" Name="Suture Needle" RemoveOn="0.1" Weight="1" />
		<Item DecreaseBy="1" Name="D773" RemoveOn="0.1" Weight="1" />
		<Item DecreaseBy="1" Name="Book of Future" RemoveOn="0.1" Weight="1" />
		<Item DecreaseBy="1" Name="Aphasia" RemoveOn="0.1" Weight="1" />
		<Item DecreaseBy="1" Name="Theseus's Sign" RemoveOn="0.1" Weight="1" />
		<Item DecreaseBy="1" Name="Live Broadcast" RemoveOn="0.1" Weight="1" />
		<Item DecreaseBy="0.25" Name="Squiresaga" RemoveOn="0.025" Weight="0.25" />
	</Pool>
	<Pool Name="library">
		<Item DecreaseBy="0.1" Name="It's a trick!!" RemoveOn="0.1" Weight="1" />
		<Item DecreaseBy="0.1" Name="Book of Future" RemoveOn="0.1" Weight="1" />
		<Item DecreaseBy="0.1" Name="Book of Thoth" RemoveOn="0.1" Weight="1" />
		<Item DecreaseBy="0.1" Name="Book of The Law" RemoveOn="0.1" Weight="1" />
		<Item DecreaseBy="0.1" Name="Book of Voice" RemoveOn="0.1" Weight="1" />
		<Item DecreaseBy="0.1" Name="Book of Vision" RemoveOn="0.1" Weight="1" />
	</Pool>
	<Pool Name="shellGame">
		<Item DecreaseBy="1" Name="It's a trick!!" RemoveOn="0.1" Weight="1" />
	</Pool>
	<Pool Name="goldenChest">
		<Item DecreaseBy="0.4" Name="It's a trick!!" RemoveOn="0.1" Weight="1" />
		<Item DecreaseBy="0.4" Name="Mental Hypnosis" RemoveOn="0.1" Weight="1" />
		<Item DecreaseBy="0.4" Name="My Best Friend" RemoveOn="0.1" Weight="1" />
		<Item DecreaseBy="0.4" Name="Tiramisu" RemoveOn="0.1" Weight="1" />
	</Pool>
	<Pool Name="redChest">
		<Item DecreaseBy="0.4" Name="Black Map" RemoveOn="0.1" Weight="1" />
		<Item DecreaseBy="0.1" Name="Pareidolia" RemoveOn="0.025" Weight="0.25" />
		<Item DecreaseBy="0.4" Name="It's a trick!!" RemoveOn="0.1" Weight="1" />
	</Pool>
	<Pool Name="beggar">
		<Item DecreaseBy="0.5" Name="It's a trick!!" RemoveOn="0.1" Weight="1" />
		<Item DecreaseBy="0.5" Name="Tiramisu" RemoveOn="0.1" Weight="1" />
	</Pool>
	<Pool Name="demonBeggar">
		<Item DecreaseBy="0.5" Name="Darkness" RemoveOn="0.05" Weight="0.5" />
		<Item DecreaseBy="0.5" Name="It's a trick!!" RemoveOn="0.1" Weight="1" />
	</Pool>
	<Pool Name="curse">
		<Item DecreaseBy="0.5" Name="The Watcher" RemoveOn="0.1" Weight="1" />
		<Item DecreaseBy="0.5" Name="It's a trick!!" RemoveOn="0.1" Weight="1" />
		<Item DecreaseBy="0.5" Name="Devil's Heart" RemoveOn="0.1" Weight="1" />
		<Item DecreaseBy="0.5" Name="Nazca" RemoveOn="0.1" Weight="1" />
		<Item DecreaseBy="0.5" Name="Theseus's Sign" RemoveOn="0.1" Weight="1" />
		<Item DecreaseBy="0.5" Name="Drama of sorrow and joy" RemoveOn="0.1" Weight="1" />
		<Item DecreaseBy="0.25" Name="Pareidolia" RemoveOn="0.05" Weight="0.5" />
	</Pool>
	<Pool Name="keyMaster">
		<Item DecreaseBy="0.5" Name="Gold Rush" RemoveOn="0.1" Weight="1" />
		<Item DecreaseBy="0.5" Name="It's a trick!!" RemoveOn="0.1" Weight="1" />
	</Pool>
	<Pool Name="batteryBum">
		<Item DecreaseBy="0.5" Name="Tech 9" RemoveOn="0.1" Weight="1" />
		<Item DecreaseBy="1" Name="Cable Jar" RemoveOn="0.1" Weight="1" />
		<Item DecreaseBy="0.5" Name="It's a trick!!" RemoveOn="0.1" Weight="1" />
	</Pool>
	<Pool Name="momsChest">
		<Item DecreaseBy="0.5" Name="It's a trick!!" RemoveOn="0.1" Weight="1" />
		<Item DecreaseBy="1" Name="Tears of Pearl" RemoveOn="0.1" Weight="1" />
	</Pool>
	<Pool Name="greedTreasure">
		<Item DecreaseBy="1" Name="Touchstone" RemoveOn="0.1" Weight="1" />
		<Item DecreaseBy="1" Name="Tech 9" RemoveOn="0.1" Weight="1" />
		<Item DecreaseBy="1" Name="My Hat" RemoveOn="0.1" Weight="1" />
		<Item DecreaseBy="1" Name="Gold Rush" RemoveOn="0.1" Weight="1" />
		<Item DecreaseBy="1" Name="Alchemy Pot" RemoveOn="0.1" Weight="1" />
		<Item DecreaseBy="1" Name="Air Flight" RemoveOn="0.1" Weight="1" />
		<Item DecreaseBy="1" Name="The Watcher" RemoveOn="0.1" Weight="1" />
		<Item DecreaseBy="1" Name="My Best Friend" RemoveOn="0.1" Weight="1" />
		<Item DecreaseBy="1" Name="Giant Punch" RemoveOn="0.1" Weight="1" />
		<Item DecreaseBy="0.2" Name="Super Bombs" RemoveOn="0.02" Weight="0.2" />
		<Item DecreaseBy="1" Name="Glaze Mushroom" RemoveOn="0.1" Weight="1" />
		<Item DecreaseBy="1" Name="Little Duck" RemoveOn="0.1" Weight="1" />
		<Item DecreaseBy="1" Name="It's a trick!!" RemoveOn="0.1" Weight="1" />
		<Item DecreaseBy="1" Name="Colorblindness" RemoveOn="0.1" Weight="1" />
		<Item DecreaseBy="1" Name="Field" RemoveOn="0.1" Weight="1" />
		<Item DecreaseBy="1" Name="My Emblem" RemoveOn="0.1" Weight="1" />
		<Item DecreaseBy="1" Name="D773" RemoveOn="0.1" Weight="1" />
		<Item DecreaseBy="1" Name="Hyper Velocity" RemoveOn="0.1" Weight="1" />
		<Item DecreaseBy="1" Name="Aphasia" RemoveOn="0.1" Weight="1" />
		<Item DecreaseBy="1" Name="Wavering Eyes" RemoveOn="0.1" Weight="1" />
		<Item DecreaseBy="1" Name="Book of Thoth" RemoveOn="0.1" Weight="1" />
		<Item DecreaseBy="1" Name="Book of The Law" RemoveOn="0.1" Weight="1" />
		<Item DecreaseBy="1" Name="Book of Voice" RemoveOn="0.1" Weight="1" />
		<Item DecreaseBy="1" Name="Book of Vision" RemoveOn="0.1" Weight="1" />
		<Item DecreaseBy="1" Name="Nazca" RemoveOn="0.1" Weight="1" />
		<Item DecreaseBy="1" Name="Cloundy" RemoveOn="0.1" Weight="1" />
		<Item DecreaseBy="1" Name="Moment" RemoveOn="0.1" Weight="1" />
		<Item DecreaseBy="1" Name="Theseus's Sign" RemoveOn="0.1" Weight="1" />
		<Item DecreaseBy="1" Name="Cable Jar" RemoveOn="0.1" Weight="1" />
		<Item DecreaseBy="1" Name="Lofty" RemoveOn="0.1" Weight="1" />
		<Item DecreaseBy="1" Name="Tiramisu" RemoveOn="0.1" Weight="1" />
		<Item DecreaseBy="1" Name="Live Broadcast" RemoveOn="0.1" Weight="1" />
		<Item DecreaseBy="1" Name="Drama of sorrow and joy" RemoveOn="0.1" Weight="1" />
		<Item DecreaseBy="1" Name="Tzolkin" RemoveOn="0.1" Weight="1" />
		<Item DecreaseBy="1" Name="Gospel" RemoveOn="0.1" Weight="1" />
		<Item DecreaseBy="1" Name="Tears of Pearl" RemoveOn="0.1" Weight="1" />
		<Item DecreaseBy="0.5" Name="Pareidolia" RemoveOn="0.05" Weight="0.5" />
	</Pool>
	<Pool Name="greedBoss">
		<Item DecreaseBy="1" Name="Glaze Mushroom" RemoveOn="0.1" Weight="1" />
		<Item DecreaseBy="1" Name="Pageant Cross-dresser" RemoveOn="0.1" Weight="1" />
		<Item DecreaseBy="1" Name="It's a trick!!" RemoveOn="0.1" Weight="1" />
		<Item DecreaseBy="1" Name="Tiramisu" RemoveOn="0.1" Weight="1" />
	</Pool>
	<Pool Name="greedShop">
		<Item DecreaseBy="1" Name="Touchstone" RemoveOn="0.1" Weight="1" />
		<Item DecreaseBy="1" Name="My Hat" RemoveOn="0.1" Weight="1" />
		<Item DecreaseBy="1" Name="Tech 9" RemoveOn="0.1" Weight="1" />
		<Item DecreaseBy="1" Name="Gold Rush" RemoveOn="0.1" Weight="1" />
		<Item DecreaseBy="1" Name="Air Flight" RemoveOn="0.1" Weight="1" />
		<Item DecreaseBy="1" Name="The Watcher" RemoveOn="0.1" Weight="1" />
		<Item DecreaseBy="1" Name="My Best Friend" RemoveOn="0.1" Weight="1" />
		<Item DecreaseBy="1" Name="Giant Punch" RemoveOn="0.1" Weight="1" />
		<Item DecreaseBy="0.5" Name="Super Bombs" RemoveOn="0.05" Weight="0.5" />
		<Item DecreaseBy="1" Name="Black Map" RemoveOn="0.1" Weight="1" />
		<Item DecreaseBy="1" Name="It's a trick!!" RemoveOn="0.1" Weight="1" />
		<Item DecreaseBy="1" Name="Colorblindness" RemoveOn="0.1" Weight="1" />
		<Item DecreaseBy="1" Name="Field" RemoveOn="0.1" Weight="1" />
		<Item DecreaseBy="1" Name="Fate's Draw" RemoveOn="0.1" Weight="1" />
		<Item DecreaseBy="1" Name="My Emblem" RemoveOn="0.1" Weight="1" />
		<Item DecreaseBy="1" Name="Alchemy Pot" RemoveOn="0.1" Weight="1" />
		<Item DecreaseBy="1" Name="D773" RemoveOn="0.1" Weight="1" />
		<Item DecreaseBy="1" Name="Hyper Velocity" RemoveOn="0.1" Weight="1" />
		<Item DecreaseBy="1" Name="Aphasia" RemoveOn="0.1" Weight="1" />
		<Item DecreaseBy="1" Name="Wavering Eyes" RemoveOn="0.1" Weight="1" />
		<Item DecreaseBy="1" Name="Book of Thoth" RemoveOn="0.1" Weight="1" />
		<Item DecreaseBy="1" Name="Book of The Law" RemoveOn="0.1" Weight="1" />
		<Item DecreaseBy="1" Name="Book of Vision" RemoveOn="0.1" Weight="1" />
		<Item DecreaseBy="1" Name="Book of Voice" RemoveOn="0.1" Weight="1" />
		<Item DecreaseBy="1" Name="Nazca" RemoveOn="0.1" Weight="1" />
		<Item DecreaseBy="1" Name="Cloundy" RemoveOn="0.1" Weight="1" />
		<Item DecreaseBy="1" Name="Moment" RemoveOn="0.1" Weight="1" />
		<Item DecreaseBy="1" Name="Theseus's Sign" RemoveOn="0.1" Weight="1" />
		<Item DecreaseBy="1" Name="Cable Jar" RemoveOn="0.1" Weight="1" />
		<Item DecreaseBy="1" Name="Lofty" RemoveOn="0.1" Weight="1" />
		<Item DecreaseBy="1" Name="Tiramisu" RemoveOn="0.1" Weight="1" />
		<Item DecreaseBy="1" Name="Live Broadcast" RemoveOn="0.1" Weight="1" />
		<Item DecreaseBy="1" Name="Tzolkin" RemoveOn="0.1" Weight="1" />
		<Item DecreaseBy="1" Name="Gospel" RemoveOn="0.1" Weight="1" />
		<Item DecreaseBy="0.25" Name="Squiresaga" RemoveOn="0.025" Weight="0.25" />
		<Item DecreaseBy="1" Name="Tears of Pearl" RemoveOn="0.1" Weight="1" />
		<Item DecreaseBy="0.5" Name="Pareidolia" RemoveOn="0.05" Weight="0.5" />
	</Pool>
	<Pool Name="greedCurse">
		<Item DecreaseBy="0.5" Name="The Watcher" RemoveOn="0.1" Weight="1" />
		<Item DecreaseBy="0.5" Name="It's a trick!!" RemoveOn="0.1" Weight="1" />
		<Item DecreaseBy="0.5" Name="Devil's Heart" RemoveOn="0.1" Weight="1" />
		<Item DecreaseBy="0.5" Name="Nazca" RemoveOn="0.1" Weight="1" />
		<Item DecreaseBy="0.5" Name="Theseus's Sign" RemoveOn="0.1" Weight="1" />
		<Item DecreaseBy="0.25" Name="Pareidolia" RemoveOn="0.05" Weight="0.5" />
	</Pool>
	<Pool Name="greedDevil">
		<Item DecreaseBy="0.5" Name="Darkness" RemoveOn="0.05" Weight="0.5" />
		<Item DecreaseBy="1" Name="Assassin's Eye" RemoveOn="0.1" Weight="1" />
		<Item DecreaseBy="1" Name="Blaststone" RemoveOn="0.1" Weight="1" />
		<Item DecreaseBy="1" Name="Brimstream" RemoveOn="0.1" Weight="1" />
		<Item DecreaseBy="1" Name="It's a trick!!" RemoveOn="0.1" Weight="1" />
		<Item DecreaseBy="1" Name="Devil's Heart" RemoveOn="0.1" Weight="1" />
		<Item DecreaseBy="1" Name="Ingestion to Night" RemoveOn="0.1" Weight="1" />
		<Item DecreaseBy="1" Name="Book of The Law" RemoveOn="0.1" Weight="1" />
		<Item DecreaseBy="1" Name="Nazca" RemoveOn="0.1" Weight="1" />
		<Item DecreaseBy="1" Name="Heart Change" RemoveOn="0.1" Weight="1" />
		<Item DecreaseBy="1" Name="Theseus's Sign" RemoveOn="0.1" Weight="1" />
		<Item DecreaseBy="1" Name="Drama of sorrow and joy" RemoveOn="0.1" Weight="1" />
		<Item DecreaseBy="1" Name="Tzolkin" RemoveOn="0.1" Weight="1" />
	</Pool>
	<Pool Name="greedAngel">
		<Item DecreaseBy="1" Name="Crown of the Glaze" RemoveOn="0.1" Weight="1" />
		<Item DecreaseBy="0.5" Name="Memory" RemoveOn="0.05" Weight="0.5" />
		<Item DecreaseBy="1" Name="It's a trick!!" RemoveOn="0.1" Weight="1" />
		<Item DecreaseBy="1" Name="Apocalypse" RemoveOn="0.1" Weight="1" />
		<Item DecreaseBy="1" Name="Book of Future" RemoveOn="0.1" Weight="1" />
		<Item DecreaseBy="1" Name="Cloundy" RemoveOn="0.1" Weight="1" />
		<Item DecreaseBy="1" Name="Skiel" RemoveOn="0.1" Weight="1" />
		<Item DecreaseBy="1" Name="Wisel" RemoveOn="0.1" Weight="1" />
		<Item DecreaseBy="1" Name="Granel" RemoveOn="0.1" Weight="1" />
		<Item DecreaseBy="1" Name="Moment" RemoveOn="0.1" Weight="1" />
		<Item DecreaseBy="1" Name="Heart Change" RemoveOn="0.1" Weight="1" />
		<Item DecreaseBy="1" Name="Lofty" RemoveOn="0.1" Weight="1" />
		<Item DecreaseBy="1" Name="Gospel" RemoveOn="0.1" Weight="1" />
		<Item DecreaseBy="1" Name="Tears of Pearl" RemoveOn="0.1" Weight="1" />
	</Pool>
	<Pool Name="craneGame">
		<Item DecreaseBy="0.1" Name="Tech 9" RemoveOn="0.1" Weight="1" />
		<Item DecreaseBy="0.1" Name="Pageant Cross-dresser" RemoveOn="0.1" Weight="1" />
		<Item DecreaseBy="0.1" Name="My Best Friend" RemoveOn="0.1" Weight="1" />
		<Item DecreaseBy="0.1" Name="My Emblem" RemoveOn="0.1" Weight="1" />
		<Item DecreaseBy="0.1" Name="Aphasia" RemoveOn="0.1" Weight="1" />
		<Item DecreaseBy="0.1" Name="Alchemy Pot" RemoveOn="0.1" Weight="1" />
	</Pool>
	<Pool Name="ultraSecret">
		<Item DecreaseBy="0.4" Name="Darkness" RemoveOn="0.1" Weight="1" />
		<Item DecreaseBy="0.4" Name="Tech 9" RemoveOn="0.1" Weight="1" />
		<Item DecreaseBy="0.4" Name="Giant Punch" RemoveOn="0.1" Weight="1" />
		<Item DecreaseBy="0.4" Name="Air Flight" RemoveOn="0.1" Weight="1" />
		<Item DecreaseBy="0.4" Name="Brimstream" RemoveOn="0.1" Weight="1" />
		<Item DecreaseBy="0.4" Name="Blaststone" RemoveOn="0.1" Weight="1" />
		<Item DecreaseBy="0.4" Name="It's a trick!!" RemoveOn="0.1" Weight="1" />
		<Item DecreaseBy="0.4" Name="Colorblindness" RemoveOn="0.1" Weight="1" />
		<Item DecreaseBy="0.4" Name="Devil's Heart" RemoveOn="0.1" Weight="1" />
		<Item DecreaseBy="0.4" Name="Book of The Law" RemoveOn="0.1" Weight="1" />
		<Item DecreaseBy="0.4" Name="Nazca" RemoveOn="0.1" Weight="1" />
		<Item DecreaseBy="0.4" Name="Tzolkin" RemoveOn="0.1" Weight="1" />
		<Item DecreaseBy="0.4" Name="Squiresaga" RemoveOn="0.1" Weight="1" />
	</Pool>
	<Pool Name="bombBum">
		<Item DecreaseBy="0.5" Name="Super Bombs" RemoveOn="0.1" Weight="1" />
		<Item DecreaseBy="0.5" Name="It's a trick!!" RemoveOn="0.1" Weight="1" />
	</Pool>
	<Pool Name="planetarium">
		<Item DecreaseBy="1" Name="Pendulum Star" RemoveOn="0.1" Weight="1" />
		<Item DecreaseBy="1" Name="It's a trick!!" RemoveOn="0.1" Weight="1" />
	</Pool>
	<Pool Name="oldChest">
		<Item DecreaseBy="0.4" Name="It's a trick!!" RemoveOn="0.1" Weight="1" />
	</Pool>
	<Pool Name="babyShop">
		<Item DecreaseBy="1" Name="Air Flight" RemoveOn="0.1" Weight="1" />
		<Item DecreaseBy="1" Name="Brimstream" RemoveOn="0.1" Weight="1" />
		<Item DecreaseBy="1" Name="It's a trick!!" RemoveOn="0.1" Weight="1" />
		<Item DecreaseBy="1" Name="Little Duck" RemoveOn="0.1" Weight="1" />
		<Item DecreaseBy="1" Name="Apocalypse" RemoveOn="0.1" Weight="1" />
		<Item DecreaseBy="1" Name="My Emblem" RemoveOn="0.1" Weight="1" />
		<Item DecreaseBy="1" Name="Cloundy" RemoveOn="0.1" Weight="1" />
	</Pool>
	<Pool Name="woodenChest">
		<Item DecreaseBy="1" Name="It's a trick!!" RemoveOn="0.1" Weight="1" />
		<Item DecreaseBy="1" Name="Tears of Pearl" RemoveOn="0.1" Weight="1" />
	</Pool>
	<Pool Name="rottenBeggar">
		<Item DecreaseBy="1" Name="It's a trick!!" RemoveOn="0.1" Weight="1" />
	</Pool>
</ItemPools>