<items gfxroot="gfx/items/" version="1" deathanm2="gfx/death_items.anm2">
    <passive name="Darkness" description="Buried in the past." id="1"
	gfx="collectibles_Darkness.png" blackhearts="2" quality = "3" cache="damage tearflag tearcolor" tags="devil summonable offensive" devilprice="2"
	/>
	<passive name="Touchstone" description="Stab,Stab,Stab and Stab!!" id="2"
	gfx="collectibles_Touchstone.png" quality = "2" tags="summonable offensive"
	/>
	<passive name="My Hat" description="It’s too big!" id="3"
	gfx="collectibles_My_Hat.png" quality = "1" tags="summonable offensive"
	/>
	<passive name="Tech 9" description="Skipped...But why?" id="4"
	gfx="collectibles_Tech_9.png" quality = "3" tags="summonable offensive"
	/>
	<passive name="Assassin's Eye" description="Savour the Dark" id="5"
	gfx="collectibles_Assassin_s_Eye.png" quality = "3" tags="summonable offensive" devilprice="2"
	/>
	<passive name="Mental Hypnosis" description="You are a man-made RoboRobo..." id="6"
	gfx="collectibles_Mental_Hypnosis.png" quality = "2" cache="all" tags="summonable offensive syringe"
	/>
	<passive name="Gold Rush" description="Never worthy" id="7"
	gfx="collectibles_Gold_Rush.png" quality = "2" tags="summonable offensive"
	/>
	<passive name="Air Flight" description="Hello World" id="8"
	gfx="collectibles_Air_Flight.png" quality = "4" cache="familiars" tags="summonable offensive"
	/>
	<passive name="The Watcher" description="Nowhere to Escape" id="9"
	gfx="collectibles_The_Watcher.png" quality = "0" cache = "speed" tags="summonable offensive"
	/>
	<passive name="Giant Punch" description="God-o-hand-o-Crash!" id="10"
	gfx="collectibles_Giant_Punch.png" quality = "2" cache="damage" tags="summonable offensive"
	/>
	<active name="Memory" description="I fall in a loop!" id="11"
	gfx="collectibles_Memory.png" quality = "3" tags="offensive"
	/>
	<passive name="My Best Friend" description="Do you really have a friend?" id="12"
	gfx="collectibles_My_Best_Friend.png" quality = "2" tags="summonable offensive"
	/>
	<passive name="Super Bombs" description="Be an outbreaker" id="13"
	gfx="collectibles_Super_Bombs.png" quality = "2" tags="offensive" bombs = "5"
	/>
	<passive name="Brimstream" description="Devil's trick." id="14"
	gfx="collectibles_Brimstream.png" quality = "3" cache="familiars" tags="summonable offensive" devilprice="2"
	/>
	
	<passive name="Crown of the Glaze" description="You feel fragile" id="15"
	gfx="collectibles_Crown_Of_The_Glaze.png" quality = "4" cache="all" tags="offensive"
	/>
	
	<passive name="A Shard of Coin" description="Those who shared Pennies have been in pieces" id="16"
	gfx="collectibles_A_Shard_Of_Coin.png" quality = "0" tags="quest lazarusshared noeden"
	/>
	<passive name="A Shard of Glaze" description="Those who honored Pride have been in pieces" id="17"
	gfx="collectibles_A_Shard_Of_Glaze.png" quality = "0" tags="quest lazarusshared noeden"
	/>
	<passive name="A Shard of Lava" description="Those who ingested Heat have been in pieces" id="18"
	gfx="collectibles_A_Shard_Of_Lava.png" quality = "0" tags="quest lazarusshared noeden"
	/>
	<passive name="A Shard of Meat" description="Those who valued Life have been in pieces" id="19"
	gfx="collectibles_A_Shard_Of_Meat.png" quality = "0" tags="quest lazarusshared noeden"
	/>
	<passive name="A Shard of Rock" description="Those who desired Eternal have been in pieces" id="20"
	gfx="collectibles_A_Shard_Of_Rock.png" quality = "0" tags="quest lazarusshared noeden"
	/>
	
	<passive name="Black Map" description="To explore the unknowns." id="21"
	gfx="collectibles_Black_Map.png" quality = "2" tags="summonable offensive"
	/>
	<passive name="Blaststone" description="Devil's treachery" id="22"
	gfx="collectibles_Blaststone.png" quality = "3" tags="summonable offensive" devilprice="2"
	/>
	<passive name="Little Duck" description="Quack,Quack,Quacks" id="23"
	gfx="collectibles_Little_Duck.png" quality = "1" tags="summonable offensive"
	/>
	<passive name="A Shard of Blood" description="Those who thirst for redemption have been in pieces" id="24"
	gfx="collectibles_A_Shard_Of_Blood.png" quality = "0" tags="quest lazarusshared noeden" hidden="true" 
	/>
	<active name="Alchemy Pot" description="Handle Gently" id="25" 
	gfx="collectibles_Alchemy_Pot.png" quality = "4" tags="offensive" maxcharges="8"
	/>
	<passive name="Air Terror" description="Hello...Again?" id="26"
	gfx="collectibles_Air_Terror.png" quality = "3" tags="summonable offensive" cache="familiars" hidden="true" 
	/>
	<passive name="Glaze Mushroom" description="I Feel...Glazed..uh?" id="27"
	gfx="collectibles_Glaze_Cap.png" quality = "2" tags="summonable offensive mushroom" maxhearts = "2" hearts="4" 
	/>
	<passive name="Pageant Cross-dresser" description="Ultimate grand sexy" id="28"
	gfx="collectibles_pageant_cross_dresser.png" quality = "1" tags="summonable offensive" cache = "luck"
	/>
	<!--active name="Red Envelopes" description="Happy New Year!!" id="29" 
	gfx="collectibles_Red_Envelopes.png" quality = "4" tags="offensive"
	/-->
	<active name="It's a trick!!" description="You Are Fooled Again!!" id="29"
	gfx="collectibles_Glaze_Collectible.png" quality = "3" tags="offensive" maxcharges="2"
	/>
	<passive name="Apocalypse" description="Forever and Never" id="30"
	gfx="collectibles_LuoTianYi.png" quality = "3" tags="summonable offensive baby" devilprice="2" cache="familiars firedelay damage"
	/>
	<passive name="Colorblindness" description="Red or Green?" id="31"
	gfx="collectibles_colorblindness.png" quality = "1" tags="summonable offensive" cache="tearcolor tearflag range damage"
	/>
	<passive name="Field" description="Those who rise up must be drifting down." id="32"
	gfx="collectibles_Field.png" quality = "2" tags="summonable offensive" cache="tearcolor firedelay"
	/>
	<active name="Suture Needle" description="My last will to survive.." id="33"
	gfx="collectibles_Suture_Needle.png" quality = "0" tags="offensive" maxcharges="1"
	/>
	<passive name="Abecarnul" description="Our Pain torments ourselves" id="34"
	gfx="collectibles_Poision_Abecarnil.png" quality = "3" tags="offensive quest lazarusshared noeden" hidden="true" 
	/>
	<passive name="Barbital" description="Our Hearts devastate ourselves" id="35"
	gfx="collectibles_Poision_Barbital.png" quality = "2" tags="offensive quest lazarusshared noeden"  hidden="true" 
	/>
	<passive name="Cyanide" description="Our Future leaves ourselves" id="36"
	gfx="collectibles_Poision_Cyanide.png" quality = "2" tags="offensive quest lazarusshared noeden" hidden="true" 
	/>
	<passive name="Dexamethasone" description="Our Faith suspects ourselves" id="37"
	gfx="collectibles_Poision_Dexamethasone.png" quality = "1" tags="offensive quest lazarusshared noeden" hidden="true" 
	/>
	<passive name="Ephedrine" description="Our Wealth disobeys ourselves" id="38"
	gfx="collectibles_Poision_Ephedrine.png" quality = "3" tags="offensive quest lazarusshared noeden" hidden="true" 
	/>
	<passive name="Fenfluramine" description="Our Blood melts ourselves" id="39"
	gfx="collectibles_Poision_Fenfluramine.png" quality = "3" tags="offensive quest lazarusshared noeden" hidden="true" 
	/>
	<passive name="Ginsenoside" description="Our Genes twist ourselves" id="40"
	gfx="collectibles_Poision_Ginsenoside.png" quality = "4" tags="offensive quest lazarusshared noeden" hidden="true" 
	/>
	<active name="D773" description="Life is like an Oreo" id="48"
	gfx="collectibles_D773.png" quality = "1" tags="offensive" maxcharges="1"
	/>
	<passive name="Heroisch" description="Our Bodies conflict ourselves" id="41"
	gfx="collectibles_Poision_Heroisch.png" quality = "3" tags="offensive quest lazarusshared noeden" hidden="true" 
	/>
	<passive name="Oxytocin" description="Our Souls shade ourselves" id="42"
	gfx="collectibles_Poision_Oxytocin.png" quality = "2" tags="offensive quest lazarusshared noeden" hidden="true" 
	/>
	<passive name="Sildenafil" description="Our Wisdom defeats ourselves" id="43"
	gfx="collectibles_Poision_Sildenafil.png" quality = "3" tags="offensive quest lazarusshared noeden" hidden="true" 
	/>
	<passive name="More Options??!" description="Also Double Price" id="44"
	gfx="collectibles_Glaze_Option.png" quality = "4" tags="summonable offensive"
	/>
	<passive name="Fate's Draw" description="My Drawwww!!!!" id="45"
	gfx="collectibles_Fate_s_Draw.png" quality = "3" tags="offensive"
	/>
	<passive name="My Emblem" description="Finally a home for me.." id="46"
	gfx="collectibles_My_Emblem.png" quality = "3" tags="summonable offensive" cache="familiars"
	/>
	<passive name="Ingestion to Night" description="Savoured by Dark." id="47"
	gfx="collectibles_Ingestion_to_Night.png" quality = "3" tags="summonable offensive" cache="flying damage"
	/>
	<active name="Devil's Heart" description="Stage a Comeback" id="49"
	gfx="collectibles_Devil_s_Heart.png" quality = "0" tags="devil offensive" maxcharges="0" devilprice="2"
	/>
	<active name="DVF" description="The answer is,At Any Cost" id="50"
	gfx="collectibles_Dual_Vector_Foil.png" quality = "0" tags="offensive quest lazarusshared noeden" maxcharges="0" hidden="true" 
	/>
	<active name="Book of Future" description="Read your super-ego" id="51"
	gfx="collectibles_Book_of_Future.png" quality = "4" tags="offensive book" maxcharges="8"
	/>
	<active name="Hyper Velocity" description="Gotta Squash them all" id="52"
	gfx="collectibles_Hypervelocity.png" quality = "1" tags="offensive" maxcharges="3"
	/>
	<passive name="Wavering Eyes" description="Looking around,looking nowhere" id="53"
	gfx="collectibles_Wavering_Eyes.png" quality = "3" tags="summonable offensive"
	/>
	<passive name="Pendulum Star" description="Pendulum Scale Setting" id="54"
	gfx="collectibles_Star_Pendulumgraph.png" quality = "1" tags="summonable offensive" cache="familiars"
	/>
	<active name="Book of Thoth" description="Tarot invocation" id="55"
	gfx="collectibles_Book_of_Thoth.png" quality = "4" tags="summonable offensive book" maxcharges="12"
	/>
	<active name="Book of The Law" description="Left is Right.Right is Lefted." id="56"
	gfx="collectibles_Book_of_The_Law.png" quality = "3" tags="offensive book" maxcharges="4"
	/>
	<active name="Book of Vision" description="Doubook Vision" id="57"
	gfx="collectibles_Book_of_Vision.png" quality = "2" tags="offensive book" maxcharges="5"
	/>
	<active name="Book of Voice" description="No longer an intact one" id="58"
	gfx="collectibles_Book_of_Voice.png" quality = "1" tags="offensive book" maxcharges="2"
	/>
	<passive name="Aphasia" description="Hardly can I ever read" id="59"
	gfx="collectibles_Aphasia.png" quality = "2" tags="summonable offensive"
	/>
	<passive name="Nazca" description="Earthbound Deity" id="60"
	gfx="collectibles_Nazca.png" quality = "4" tags="summonable offensive" cache="familiars" devilprice="2"
	/>
	<passive name="Cloundy" description="Cloundy knows much more than you" id="61"
	gfx="collectibles_Cloundy.png" quality = "0" tags="summonable offensive" cache="familiars"
	/>
	<passive name="Skiel" description="Your past is lying in pain" id="62"
	gfx="collectibles_Skiel.png" quality = "2" tags="summonable offensive"
	/>
	<passive name="Wisel" description="Your present is immersed in dispair" id="63"
	gfx="collectibles_Wisel.png" quality = "1" tags="summonable offensive"
	/>
	<passive name="Granel" description="Your future is trailed in vanishment" id="64"
	gfx="collectibles_Granel.png" quality = "3" tags="summonable offensive"
	/>
	<passive name="Spectralsword" description="Out of its sheath" id="65"
	gfx="collectibles_Spectralsword.png" quality = "4" tags="summonable offensive" hidden="true" 
	/>
	<active name="Squiresaga" description="Blade burns" id="66"
	gfx="collectibles_Squiresaga.png" quality = "4" tags="offensive" maxcharges="0"
	/>
	<passive name="Moment" description="lasrever dlroW" id="67"
	gfx="collectibles_Moment.png" quality = "4" tags="summonable offensive" cache="all"
	/>
	<passive name="Lofty" description="Bottomless despair abyss" id="68"
	gfx="collectibles_Lofty.png" quality = "4" tags="summonable offensive"
	/>
	<passive name="Theseus's Sign" description="Sign of Selfless" id="69"
	gfx="collectibles_Theseus_s_Sign.png" quality = "2" tags="summonable"
	/>
	<passive name="Heart Change" description="Demon in body,angel in mind" id="70"
	gfx="collectibles_Heart_Change.png" quality = "3" tags="summonable offensive" cache="flying"
	/>
	<passive name="Cable Jar" description="Electric Leakage" id="71"
	gfx="collectibles_Thunder_Jar.png" quality = "1" tags="summonable"
	/>
	<passive name="Gospel" description="Dogmatical Judgement" id="72"
	gfx="collectibles_Gospel.png" quality = "4" tags="summonable offensive" cache="all"
	/>
	<passive name="Tiramisu" description="Health Up + Tastes Tasty" id="73"
	gfx="collectibles_Tiramisu.png" quality = "2" tags="summonable offensive" maxhearts = "2" hearts="4" 
	/>
	<passive name="Live Broadcast" description="First Debut Today" id="74"
	gfx="collectibles_Live_Broadcast.png" quality = "3" tags="summonable offensive"
	/>
	<passive name="Drama of sorrow and joy" description="Leader To Despia" id="75"
	gfx="collectibles_Drama_of_sorrow_and_joy.png" quality = "3" tags="summonable offensive"
	/>
	<active name="Tzolkin" description="Replay the divine calendar" id="76"
	gfx="collectibles_Tzolkin.png" quality = "2" tags="offensive" maxcharges="4"
	/>
	<passive name="Pareidolia" description="Moonlight Domain" id="77"
	gfx="collectibles_Orph.png" quality = "4" tags="summonable offensive"
	/>
	<passive name="Reversal Film" description="Cast Fate On Me" id="78"
	gfx="collectibles_reversal_film.png" quality = "2" tags="summonable offensive quest lazarusshared noeden"
	/>
	<passive name="Tears of Pearl" description="Nobility Cherisher" id="79"
	gfx="collectibles_Tears_of_Pearl.png" quality = "1" tags="summonable offensive" 
	/>
</items>