<pocketitems>
	<card type="object" pickup="2359" id="2359" description="Looking for Assimilation" name="Glazed Dice Shard" announcer="400" announcerdelay="3" mimiccharge="8" hud="Glazed Dice Shard"/>
	<card type="rune" pickup="2360" id="2360" description="Namely Safe" name="Qing's Soul" mimiccharge="4" hud="Qing's Soul" />
	<card type="object" pickup="2375" id="2375" description="Granting one meal" name="Round trip Rail Ticket" mimiccharge="3" hud="Round trip Rail Ticket"/>
	<card type="object" pickup="2376" id="2376" description="Welcome again!" name="One way Rail Ticket" mimiccharge="2" hud="One way Rail Ticket"/>
	<card type="tarot" pickup="2378" id="2378" description="Power of balance" name="VIII - Adjustment" mimiccharge="2" hud="Adjustment"/>
	<card type="tarot" pickup="2378" id="2379" description="Inspire their inner beast" name="XI - Lure" mimiccharge="3" hud="Lure"/>
	<card type="tarot" pickup="2378" id="2380" description="Perfect Faintless Transcendent Supernatural Maniac Absolute" name="XIV - Art" mimiccharge="4" hud="Art"/>
	<card type="tarot" pickup="2378" id="2381" description="Don't be sad.Don't worry." name="XX - The Aeon" mimiccharge="12" hud="The Aeon"/>
	<card type="tarot" pickup="2378" id="2382" description="Ever shinning" name="XXI - The Universe" mimiccharge="12" hud="The Universe"/>
	<card type="tarot_reverse" pickup="2379" id="2383" description="The Best Adjustment is to Confiscate" name="VIII - Adjustment?" mimiccharge="4" hud="Adjustment r"/>
	<card type="tarot_reverse" pickup="2379" id="2384" description="Free your inner slave" name="XI - Lure?" mimiccharge="12" hud="Lure r"/>
	<card type="tarot_reverse" pickup="2379" id="2385" description="Art is explosion" name="XIV - Art?" mimiccharge="3" hud="Art r"/>
	<card type="tarot_reverse" pickup="2379" id="2386" description="Instant becomes eternity" name="XX - The Aeon?" mimiccharge="8" hud="The Aeon r"/>
	<card type="tarot_reverse" pickup="2379" id="2387" description="Above heaven,Unique and alone" name="XXI - The Universe?" mimiccharge="12" hud="The Universe r"/>
</pocketitems>
