<shaders>
    <shader name="Qing_HelpfulShader">
        <parameters>
        </parameters>
        <vertex><![CDATA[
            attribute vec3 Position;
            attribute vec4 Color;
            attribute vec2 TexCoord;
            varying vec4 Color0;
            varying vec2 TexCoord0;
            uniform mat4 Transform;
            void main(void) {
                Color0 = Color;
                TexCoord0 = TexCoord;
                gl_Position = Transform * vec4(Position.xyz, 1.0);
            }
        ]]></vertex>
        <fragment><![CDATA[
            varying lowp vec4 Color0;
            varying mediump vec2 TexCoord0;
            uniform sampler2D Texture0;
            void main(void) {
                vec4 Color = Color0 * texture2D(Texture0, TexCoord0);
                gl_FragColor = Color;
            }
        ]]></fragment>
    </shader>
	<shader name="Glaze_visions">
        <parameters>
			<param name="mul" type="float"/>
        </parameters>
        <vertex><![CDATA[
            attribute vec3 Position;
            attribute vec4 Color;
            attribute vec2 TexCoord;
            attribute float mul;
            varying vec4 Color0;
            varying vec2 TexCoord0;
			varying float t_mul;
            uniform mat4 Transform;
            void main(void) {
                Color0 = Color;
                TexCoord0 = TexCoord;
				t_mul = mul;
                gl_Position = Transform * vec4(Position.xyz, 1.0);
            }
        ]]></vertex>
        <fragment><![CDATA[
            varying lowp vec4 Color0;
            varying mediump vec2 TexCoord0;
			varying float t_mul;
            uniform sampler2D Texture0;
            void main(void) {
                vec4 Color = Color0 * texture2D(Texture0, TexCoord0);
				if(t_mul > 0.05)Color = vec4(Color.r,Color.g + (1.0 - Color.g) * (0.58 * t_mul),Color.b + (1.0 - Color.b) * (t_mul),Color.a);
                gl_FragColor = Color;
            }
        ]]></fragment>
    </shader>
	<shader name="Qing_ColorBlindness_Helper">
        <parameters>
			<param name="Rrgba" type="vec3"/>
			<param name="Grgba" type="vec3"/>
			<param name="Brgba" type="vec3"/>
			<param name="matter" type="float"/>
        </parameters>
        <vertex><![CDATA[
            attribute vec3 Position;
            attribute vec4 Color;
            attribute vec2 TexCoord;
            attribute vec3 Rrgba;
            attribute vec3 Grgba;
            attribute vec3 Brgba;
			attribute float matter;
			varying float Matter;
            varying vec3 rrgba;
            varying vec3 grgba;
            varying vec3 brgba;
			varying vec4 Color0;
            varying vec2 TexCoord0;
            uniform mat4 Transform;
            void main(void) {
                Color0 = Color;
				Matter = matter;
				rrgba = Rrgba;
				grgba = Grgba;
				brgba = Brgba;
                TexCoord0 = TexCoord;
                gl_Position = Transform * vec4(Position.xyz, 1.0);
            }
        ]]></vertex>
        <fragment><![CDATA[
            varying lowp vec4 Color0;
			varying float Matter;
            varying vec3 rrgba;
            varying vec3 grgba;
            varying vec3 brgba;
            varying mediump vec2 TexCoord0;
            uniform sampler2D Texture0;
            void main(void) {
                vec4 Color = Color0 * texture2D(Texture0, TexCoord0);
				if(Matter > 0.05)Color = vec4(Color.r * rrgba.r + Color.g * rrgba.g + Color.b * rrgba.b,Color.r * grgba.r + Color.g * grgba.g + Color.b * grgba.b,Color.r * brgba.r + Color.g * brgba.g + Color.b * brgba.b,Color.a);
                gl_FragColor = Color;
            }
        ]]></fragment>
    </shader>
	<shader name="Meus_Helper_start_1">
        <parameters>
			<param name="pos" type="vec4"/>
			<param name="pos_o" type="vec4"/>
			<param name="pos_s" type="vec4"/>
			<param name="should_work" type="float"/>
        </parameters>
        <vertex><![CDATA[
            attribute vec3 Position;
            attribute vec4 Color;
            attribute vec2 TexCoord;
            attribute vec4 pos;
            attribute vec4 pos_o;
            attribute vec4 pos_s;
			attribute float should_work;
            varying vec3 PositionIn;
            varying vec4 posIn;
            varying vec4 posIn_o;
            varying vec4 posIn_s;
			varying float Should_Work;
			varying vec4 Color0;
            varying vec2 TexCoord0;
            uniform mat4 Transform;
            void main(void) {
                Color0 = vec4(Color.r,Color.g,Color.b,Color.a);
                TexCoord0 = TexCoord;
                gl_Position = Transform * vec4(Position.xyz, 1.0);
				PositionIn = Position;
				posIn = pos;
				posIn_o = pos_o;
				posIn_s = pos_s;
				Should_Work=should_work;
            }
        ]]></vertex>
        <fragment><![CDATA[
            varying lowp vec4 Color0;
            varying mediump vec2 TexCoord0;
            varying vec3 PositionIn;
            varying vec4 posIn;
            varying vec4 posIn_o;
            varying vec4 posIn_s;
			varying float Should_Work;
            uniform sampler2D Texture0;
            void main(void) {
				vec4 Color = Color0 * texture2D(Texture0, TexCoord0);
				if(Should_Work > 0.5){
					float length = 10000.0;
					float dx = PositionIn.x - posIn.x;
					float dy = PositionIn.y - posIn.y;
					if(posIn.z > 0.1){
						length = distance(PositionIn,posIn) * posIn_o.x + abs(dx) * posIn_o.y + abs(dy) * posIn_o.z;
					}
					Color = Color0 * texture2D(Texture0, TexCoord0);
					if(posIn_o.w < 0.1){
						if(length < posIn.w && posIn.w > 0.1){
							Color.r = 1.0 - (1.0 - Color.r) * length/posIn.w;
							Color.g = 1.0 - (1.0 - Color.g) * length/posIn.w;
							Color.b = 1.0 - (1.0 - Color.b) * length/posIn.w;
						}
					}else{
						float mx = min(PositionIn.x,posIn_s.x - PositionIn.x);
						float my = min(PositionIn.y,posIn_s.y - PositionIn.y);
						float m_l = ((1 - mx/posIn_s.x) + (1 - my/posIn_s.y))/2;
						if(length > posIn.w && posIn.w > 0.1){
							Color.r = 1.0 - (1.0 - Color.r) * m_l;
							Color.g = 1.0 - (1.0 - Color.g) * m_l;
							Color.b = 1.0 - (1.0 - Color.b) * m_l;
						}
					}
				}
                gl_FragColor = Color;
            }
        ]]></fragment>
    </shader>
	<shader name="Squiresaga">
        <parameters>
			<param name="info1" type="vec4"/>
			<param name="info2" type="vec4"/>
			<param name="should_work" type="float"/>
        </parameters>
        <vertex><![CDATA[
            attribute vec3 Position;
            attribute vec4 Color;
            attribute vec2 TexCoord;
            attribute vec4 info1;
            attribute vec4 info2;
			attribute float should_work;
			varying float Should_Work;
            varying vec4 infoin1;
            varying vec4 infoin2;
            varying vec4 Color0;
            varying vec2 TexCoord0;
            uniform mat4 Transform;
            void main(void) {
                Color0 = Color;
                TexCoord0 = TexCoord;
                gl_Position = Transform * vec4(Position.xyz, 1.0);
				infoin1 = info1;
				infoin2 = info2;
				Should_Work = should_work;
            }
        ]]></vertex>
        <fragment><![CDATA[
            varying vec4 infoin1;
            varying vec4 infoin2;
			varying float Should_Work;
            varying lowp vec4 Color0;
            varying mediump vec2 TexCoord0;
            uniform sampler2D Texture0;
            void main(void) {
				if(Should_Work > 0.5){
					vec2 TCO = TexCoord0;
					vec4 Color = vec4(0,0,0,0);
					float res = infoin1.x * TCO.x + infoin1.y * TCO.y + infoin1.z;
					if(res > infoin1.w){ 
						TCO = TCO - vec2(infoin2.x,infoin2.y);
						Color = Color0 * texture2D(Texture0, TCO);
					}else if(res < -infoin1.w){
						TCO = TCO + vec2(infoin2.x,infoin2.y);
						Color = Color0 * texture2D(Texture0, TCO);
					}else{
						Color = Color * texture2D(Texture0, TCO);
					}
					gl_FragColor = Color;
				}else{
					vec4 Color = Color0 * texture2D(Texture0, TexCoord0);
					gl_FragColor = Color;
				}
            }
        ]]></fragment>
    </shader>
</shaders>