<wisps gfxroot="gfx/familiar/wisps/">
    <!--
		Color presets
	-->
	<color name="default" />
	
	<color name="flame_blue" r="152" g="330" b="458"/>
	<color name="core_blue" r="255" g="356" b="510"/>
	<color name="tear_blue" or="64" og="89" ob="128"/>
	
	<color name="flame_bright_blue" r="380" g="420" b="458"/>
	<color name="core_bright_blue" r="400" g="460" b="510"/>
	<color name="tear_bright_blue" or="90" og="105" ob="128"/>
	
	<color name="flame_dark_blue" r="80" g="90" b="280"/>
	<color name="core_dark_blue" r="80" g="90" b="280"/>
	<color name="tear_dark_blue" r="90" g="90" b="255" or="10" og="30" ob="35"/>
	
	<color name="flame_cyan" r="152" g="430" b="430"/>
	<color name="core_cyan" r="220" g="500" b="500"/>
	<color name="tear_cyan" or="50" og="110" ob="110"/>
	
	<color name="flame_purple" r="330" g="152" b="458"/>
	<color name="core_purple" r="356" g="255" b="510"/>
	<color name="tear_purple" r="180" g="50" b="255" or="64" og="10" ob="128"/>
	
	<color name="flame_white" r="460" g="460" b="420"/>
	<color name="core_white" r="510" g="510" b="510"/>
	<color name="tear_white" r="383" g="510" b="510" or="40" og="50" ob="50"/>
	
	<color name="flame_black" r="20" g="20" b="20"/>
	<color name="core_black" r="710" g="710" b="710" or="-512" og="-512" ob="-512"/>
	<color name="tear_black" r="710" g="710" b="710" or="-512" og="-512" ob="-512"/>
	
	<color name="flame_red" r="500" g="220" b="220"/>
	<color name="core_red" r="255" g="60" b="60"/>
	<color name="tear_red" r="180" g="60" b="80" or="30"/>
	
	<color name="flame_dark_red" r="512" g="0" b="0"/>
	<color name="core_dark_red" r="190" g="10" b="10"/>
	<color name="tear_dark_red" r="130" g="10" b="10" or="30"/>
	
	<color name="flame_brown" r="200" g="120" b="120"/>
	<color name="core_brown" r="208" g="158" b="158"/>
	<color name="tear_brown" r="128" g="80" b="80"/>

	<color name="flame_dark_brown" r="70" g="50" b="50"/>
	<color name="core_dark_brown" r="70" g="50" b="50"/>
	<color name="tear_dark_brown" r="70" g="50" b="50"/>
	
	<color name="flame_yellow" r="320" g="300" b="60"/>
	<color name="core_yellow" r="300" g="290" b="10"/>
	<color name="tear_yellow" r="260" g="250" b="40" or="40" og="40"/>
	
	<color name="flame_gold" r="320" g="250" b="60"/>
	<color name="core_gold" r="300" g="220" b="20"/>
	<color name="tear_gold" r="260" g="190" b="40" or="50" og="30"/>
	
	<color name="flame_orange" r="400" g="250" b="60"/>
	<color name="core_orange" r="300" g="200" b="10"/>
	<color name="tear_orange" r="260" g="180" b="90" or="70" og="35"/>
	
	<color name="flame_grey" r="120" g="120" b="120"/>
	<color name="core_grey" r="200" g="200" b="200"/>
	<color name="tear_grey" cr="180" cg="180" cb="180" ca="255"/>
	
	<color name="flame_beige" r="310" g="300" b="290"/>
	<color name="core_beige" r="255" g="230" b="210"/>
	<color name="tear_beige" r="350" g="320" b="310"/>
	
	<color name="flame_green" r="160" g="300" b="50"/>
	<color name="core_green" r="80" g="300" b="80"/>
	<color name="tear_green" r="180" g="320" b="30"/>
	
	<color name="flame_pink" r="350" g="192" b="228"/>
	<color name="core_pink" r="342" g="216" b="244"/>
	<color name="tear_pink" r="352" g="241" b="266"/>
	
	<color name="flame_bob" r="160" g="220" b="50"/>
	<color name="core_bob" r="120" g="180" b="80"/>
	<color name="tear_bob" r="130" g="150" b="100"/>
	<color name="tear_bob2" r="80" g="160" b="30"/>
	
	<color name="core_isaac" r="340" g="230" b="230"/>
	<color name="core_plum" r="460" g="384" b="384" or="0" og="-128" ob="-128"/>
	<color name="core_vengeful" r="512" g="255" b="255" or="255"/>
	<color name="tear_vengeful" r="380" g="380" b="380" or="200"/>
	<!--
		Book of Virtues
		These are the default attributes for wisp familiars and will be used for any active item that doesn't provide custom attributes
			hp: Base HP (default: 2)
			damage: Base tear damage (default: 3)
			stageDamage: Tear damage added for every stage
			shotSpeed: Tear shot speed multiplier (default: 1)
			fireDelay: Base delay between shots (default: 30)
			tearFlags: Base tear flags (should be provided as a sequence of bit positions rather than a single number)
				- For example "2 13" results in homing charming tears
				- Those flags will always be applied to every shot
				- Flag 0 (spectral) is implied and will always be set no matter what
			tearFlags2: Chance based tear flags, same format as tearFlags
			procChance: Determines the chance of tearFlags2 being applied to any fired tear (between 0 and 1)
			flameColor: The color of the wisp's flame in "R G B A" format, with each component being in the 0-1 range
			coreColor: The color of the wisp's core in "R G B A" format
			tearColor: The color of the wisp's tears in "R G B A" format
			tearVariant: The variant to use for the wisp's tears by default
			tearVariant2: The variant to use for the wisp's tears when tearFlags2 procs
			tearColor2: The color of the wisp's tears when tearFlags2 procs
			flameGfx: Can be specified to set a custom spritesheet for the wisp's flame
			coreGfx: Can be specified to set a custom spritesheet for the wisp's core
			count: Amount of wisps to generate on item usage
			priority: Overwrite priority on existing wisps
			canShoot: Can this wisp shoot
			
		Tear flag reference:
			0 : SPECTRAL
			1 : PIERCING
			2 : HOMING
			3 : SLOW
			4 : POISON
			5 : FREEZE
			6 : SPLIT
			7 : GROW
			8 : BOOMERANG
			9 : PERSISTENT
			10: WIGGLE
			11: MULLIGAN
			12: EXPLOSIVE
			13: CHARM
			14: CONFUSION
			15: HP_DROP
			16: ORBIT
			17: WAIT
			18: QUADSPLIT
			19: BOUNCE
			20: FEAR
			21: SHRINK
			22: BURN
			23: ATTRACTOR
			24: KNOCKBACK
			25: PULSE
			26: SPIRAL
			27: FLAT
			28: SAD_BOMB
			29: BUTT_BOMB
			30: SQUARE
			31: GLOW
			32: GISH
			33: MYSTERIOUS_LIQUID_CREEP
			34: SHIELDED
			35: GLITTER_BOMB
			36: SCATTER_BOMB
			37: STICKY
			38: CONTINUUM
			39: LIGHT_FROM_HEAVEN
			40: COIN_DROP
			41: BLACK_HP_DROP
			42: TRACTOR_BEAM
			43: GODS_FLESH
			44: GREED_COIN
			45: CROSS_BOMB
			46: BIG_SPIRAL
			47: PERMANENT_CONFUSION
			48: BOOGER
			49: EGG
			50: ACID
			51: BONE
			52: BELIAL
			53: MIDAS
			54: NEEDLE
			55: JACOBS
			56: HORN
			57: LASER
			58: POP
			59: ABSORB
			60: LASERSHOT
			61: HYDROBOUNCE
			62: BURSTSPLIT
			63: CREEP_TRAIL
			64: PUNCH
			65: ICE
			66: MAGNETIZE
			67: BAIT
			68: OCCULT
			69: ORBIT_ADVANCED
			70: ROCK
			71: TURN_HORIZONTAL
			72: BLOOD_BOMB
			73: ECOLI
	-->
	<wisp id="11" hp="5.5" layer="0" damage="3" tearScale="1" flameColor="flame_black" coreColor="core_white" tearColor="tear_grey" coreGfx="to_be_wisps/core.png" />
	<wisp id="25" hp="2.5" layer="0" damage="1.5" tearScale="0.6" flameColor="flame_red" coreColor="default" tearColor="tear_red" coreGfx="to_be_wisps/core.png" />
	<wisp id="29" count="0"/>
	<wisp id="33" hp="1" count="0" layer="2" damage="3" tearScale="1" fireDelay="45" flameColor="flame_white" coreColor="core_white" tearColor="tear_white" coreGfx="to_be_wisps/suture_needle_core.png" />
	<wisp id="48" hp="1" layer="2" damage="1" tearScale="1.5" flameColor="flame_pink" coreColor="default" tearColor="tear_red" coreGfx="to_be_wisps/7___core.png" />
	<wisp id="49" hp="1" layer="1" damage="0" tearScale="0.6" fireDelay="60" tearFlags="52" flameColor="flame_red" coreColor="default" tearColor="tear_cyan" coreGfx="to_be_wisps/Devil_s_Heart_core.png" />
	<wisp id="50" hp="2.5" layer="0" damage="1.5" tearScale="0.6" flameColor="flame_red" coreColor="default" tearColor="tear_red" coreGfx="to_be_wisps/core.png" />
	<wisp id="51" hp="2.5" count="0" layer="0" damage="1.5" tearScale="0.6" flameColor="flame_red" coreColor="default" tearColor="tear_red" coreGfx="to_be_wisps/core.png" />
	<wisp id="52" hp="2" layer="0" count="0" damage="2.5" tearScale="1" shotSpeed = "0.6" flameColor="flame_cyan" tearFlags="34" coreColor="default" tearColor="tear_grey" coreGfx="to_be_wisps/Hypervelocity_core.png" />
	<wisp id="55" hp="4" layer="1" damage="3.5" tearScale="0.8" flameColor="flame_orange" coreColor="default" tearColor="tear_orange" coreGfx="to_be_wisps/Book_of_Thoth_core.png" />
	<wisp id="56" hp="2" layer="2" damage="1" tearScale="0.6" flameColor="flame_black" tearFlags="20" coreColor="default" tearColor="tear_black" coreGfx="to_be_wisps/Book_of_The_Law_core.png" />
	<wisp id="57" hp="1.5" layer="0" damage="2" tearScale="1" flameColor="flame_blue" coreColor="core_dark_blue" tearColor="tear_grey" coreGfx="to_be_wisps/Book_of_Vision_core.png" />
	<wisp id="58" hp="2.5" layer="0" damage="1.5" tearScale="0.6" flameColor="flame_grey" coreColor="core_blue" tearColor="tear_green" coreGfx="to_be_wisps/Book_of_Voice_core.png" />
	<wisp id="66" count="0"/>
	<wisp id="76" hp="1" layer="1" damage="1.5" tearScale="0.6" flameColor="flame_red" coreColor="core_red" tearColor="tear_red" coreGfx="to_be_wisps/Tzolkin_core.png" />
</wisps>
