<?xml version="1.0" ?>
<rooms>
	<room variant="23501" name="Glazed_room" type="24" subtype="0" shape="8" width="26" height="14" difficulty="1" weight="0.0">
		<door exists="True" x="-1" y="3"/>
		<door exists="True" x="-1" y="10"/>
		<door exists="True" x="6" y="-1"/>
		<door exists="True" x="6" y="14"/>
		<door exists="True" x="19" y="-1"/>
		<door exists="True" x="19" y="14"/>
		<door exists="True" x="26" y="3"/>
		<door exists="True" x="26" y="10"/>
	</room>
	<room variant="23754" name="Chess_Board" type="1" subtype="0" shape="4" width="13" height="14" difficulty="1" weight="0.0">
		<door exists="False" x="-1" y="3"/>
		<door exists="False" x="-1" y="10"/>
		<door exists="False" x="6" y="-1"/>
		<door exists="True" x="6" y="14"/>
		<door exists="False" x="13" y="3"/>
		<door exists="False" x="13" y="10"/>
		<spawn x="3" y="5">
			<entity type="1001" variant="0" subtype="0" weight="1.0"/>
		</spawn>
		<spawn x="9" y="5">
			<entity type="1001" variant="0" subtype="0" weight="1.0"/>
		</spawn>
		<spawn x="3" y="8">
			<entity type="1001" variant="0" subtype="0" weight="1.0"/>
		</spawn>
		<spawn x="9" y="8">
			<entity type="1001" variant="0" subtype="0" weight="1.0"/>
		</spawn>
	</room>
	<room variant="23756" name="Chess_Board (copy)" type="1" subtype="0" shape="4" width="13" height="14" difficulty="1" weight="0.0">
		<door exists="False" x="-1" y="3"/>
		<door exists="False" x="-1" y="10"/>
		<door exists="False" x="6" y="-1"/>
		<door exists="True" x="6" y="14"/>
		<door exists="False" x="13" y="3"/>
		<door exists="False" x="13" y="10"/>
		<spawn x="6" y="1">
			<entity type="1930" variant="0" subtype="0" weight="1.0"/>
		</spawn>
		<spawn x="5" y="2">
			<entity type="1930" variant="0" subtype="0" weight="1.0"/>
		</spawn>
		<spawn x="7" y="2">
			<entity type="1930" variant="0" subtype="0" weight="1.0"/>
		</spawn>
		<spawn x="6" y="3">
			<entity type="1930" variant="0" subtype="0" weight="1.0"/>
		</spawn>
		<spawn x="6" y="9">
			<entity type="1930" variant="0" subtype="0" weight="1.0"/>
		</spawn>
		<spawn x="5" y="10">
			<entity type="1930" variant="0" subtype="0" weight="1.0"/>
		</spawn>
		<spawn x="7" y="10">
			<entity type="1930" variant="0" subtype="0" weight="1.0"/>
		</spawn>
		<spawn x="6" y="11">
			<entity type="1930" variant="0" subtype="0" weight="1.0"/>
		</spawn>
	</room>
	<room variant="23757" name="Chess_Board (copy) (1)" type="1" subtype="0" shape="4" width="13" height="14" difficulty="1" weight="0.0">
		<door exists="False" x="-1" y="3"/>
		<door exists="False" x="-1" y="10"/>
		<door exists="False" x="6" y="-1"/>
		<door exists="True" x="6" y="14"/>
		<door exists="False" x="13" y="3"/>
		<door exists="False" x="13" y="10"/>
		<spawn x="3" y="3">
			<entity type="292" variant="0" subtype="0" weight="1.0"/>
		</spawn>
		<spawn x="9" y="3">
			<entity type="292" variant="0" subtype="0" weight="1.0"/>
		</spawn>
		<spawn x="3" y="6">
			<entity type="292" variant="0" subtype="0" weight="1.0"/>
		</spawn>
		<spawn x="4" y="6">
			<entity type="292" variant="0" subtype="0" weight="1.0"/>
		</spawn>
		<spawn x="6" y="6">
			<entity type="292" variant="0" subtype="0" weight="1.0"/>
		</spawn>
		<spawn x="8" y="6">
			<entity type="292" variant="0" subtype="0" weight="1.0"/>
		</spawn>
		<spawn x="9" y="6">
			<entity type="292" variant="0" subtype="0" weight="1.0"/>
		</spawn>
		<spawn x="3" y="7">
			<entity type="292" variant="0" subtype="0" weight="1.0"/>
		</spawn>
		<spawn x="5" y="7">
			<entity type="292" variant="0" subtype="0" weight="1.0"/>
		</spawn>
		<spawn x="7" y="7">
			<entity type="292" variant="0" subtype="0" weight="1.0"/>
		</spawn>
		<spawn x="9" y="7">
			<entity type="292" variant="0" subtype="0" weight="1.0"/>
		</spawn>
		<spawn x="3" y="10">
			<entity type="292" variant="0" subtype="0" weight="1.0"/>
		</spawn>
		<spawn x="9" y="10">
			<entity type="292" variant="0" subtype="0" weight="1.0"/>
		</spawn>
	</room>
	<room variant="23758" name="Chess_Board (copy) (2)" type="1" subtype="0" shape="4" width="13" height="14" difficulty="1" weight="0.0">
		<door exists="False" x="-1" y="3"/>
		<door exists="False" x="-1" y="10"/>
		<door exists="False" x="6" y="-1"/>
		<door exists="True" x="6" y="14"/>
		<door exists="False" x="13" y="3"/>
		<door exists="False" x="13" y="10"/>
		<spawn x="0" y="0">
			<entity type="291" variant="0" subtype="0" weight="1.0"/>
		</spawn>
		<spawn x="12" y="0">
			<entity type="291" variant="0" subtype="0" weight="1.0"/>
		</spawn>
		<spawn x="0" y="13">
			<entity type="291" variant="0" subtype="0" weight="1.0"/>
		</spawn>
		<spawn x="12" y="13">
			<entity type="291" variant="0" subtype="0" weight="1.0"/>
		</spawn>
	</room>
	<room variant="23759" name="Chess_Board (copy) (3)" type="1" subtype="0" shape="4" width="13" height="14" difficulty="1" weight="0.0">
		<door exists="False" x="-1" y="3"/>
		<door exists="False" x="-1" y="10"/>
		<door exists="False" x="6" y="-1"/>
		<door exists="True" x="6" y="14"/>
		<door exists="False" x="13" y="3"/>
		<door exists="False" x="13" y="10"/>
		<spawn x="6" y="1">
			<entity type="1500" variant="0" subtype="0" weight="1.0"/>
		</spawn>
		<spawn x="2" y="2">
			<entity type="1500" variant="0" subtype="0" weight="1.0"/>
		</spawn>
		<spawn x="4" y="2">
			<entity type="1500" variant="0" subtype="0" weight="1.0"/>
		</spawn>
		<spawn x="8" y="2">
			<entity type="1500" variant="0" subtype="0" weight="1.0"/>
		</spawn>
		<spawn x="10" y="2">
			<entity type="1500" variant="0" subtype="0" weight="1.0"/>
		</spawn>
		<spawn x="2" y="3">
			<entity type="1500" variant="0" subtype="0" weight="1.0"/>
		</spawn>
		<spawn x="10" y="3">
			<entity type="1500" variant="0" subtype="0" weight="1.0"/>
		</spawn>
		<spawn x="2" y="4">
			<entity type="1500" variant="0" subtype="0" weight="1.0"/>
		</spawn>
		<spawn x="10" y="4">
			<entity type="1500" variant="0" subtype="0" weight="1.0"/>
		</spawn>
		<spawn x="2" y="5">
			<entity type="1500" variant="0" subtype="0" weight="1.0"/>
		</spawn>
		<spawn x="4" y="5">
			<entity type="1500" variant="0" subtype="0" weight="1.0"/>
		</spawn>
		<spawn x="5" y="5">
			<entity type="1500" variant="0" subtype="0" weight="1.0"/>
		</spawn>
		<spawn x="6" y="5">
			<entity type="1500" variant="0" subtype="0" weight="1.0"/>
		</spawn>
		<spawn x="7" y="5">
			<entity type="1500" variant="0" subtype="0" weight="1.0"/>
		</spawn>
		<spawn x="8" y="5">
			<entity type="1500" variant="0" subtype="0" weight="1.0"/>
		</spawn>
		<spawn x="10" y="5">
			<entity type="1500" variant="0" subtype="0" weight="1.0"/>
		</spawn>
		<spawn x="2" y="6">
			<entity type="1500" variant="0" subtype="0" weight="1.0"/>
		</spawn>
		<spawn x="10" y="6">
			<entity type="1500" variant="0" subtype="0" weight="1.0"/>
		</spawn>
		<spawn x="2" y="7">
			<entity type="1500" variant="0" subtype="0" weight="1.0"/>
		</spawn>
		<spawn x="10" y="7">
			<entity type="1500" variant="0" subtype="0" weight="1.0"/>
		</spawn>
		<spawn x="2" y="8">
			<entity type="1500" variant="0" subtype="0" weight="1.0"/>
		</spawn>
		<spawn x="4" y="8">
			<entity type="1500" variant="0" subtype="0" weight="1.0"/>
		</spawn>
		<spawn x="5" y="8">
			<entity type="1500" variant="0" subtype="0" weight="1.0"/>
		</spawn>
		<spawn x="6" y="8">
			<entity type="1500" variant="0" subtype="0" weight="1.0"/>
		</spawn>
		<spawn x="7" y="8">
			<entity type="1500" variant="0" subtype="0" weight="1.0"/>
		</spawn>
		<spawn x="8" y="8">
			<entity type="1500" variant="0" subtype="0" weight="1.0"/>
		</spawn>
		<spawn x="10" y="8">
			<entity type="1500" variant="0" subtype="0" weight="1.0"/>
		</spawn>
		<spawn x="2" y="9">
			<entity type="1500" variant="0" subtype="0" weight="1.0"/>
		</spawn>
		<spawn x="10" y="9">
			<entity type="1500" variant="0" subtype="0" weight="1.0"/>
		</spawn>
		<spawn x="2" y="10">
			<entity type="1500" variant="0" subtype="0" weight="1.0"/>
		</spawn>
		<spawn x="10" y="10">
			<entity type="1500" variant="0" subtype="0" weight="1.0"/>
		</spawn>
		<spawn x="2" y="11">
			<entity type="1500" variant="0" subtype="0" weight="1.0"/>
		</spawn>
		<spawn x="4" y="11">
			<entity type="1500" variant="0" subtype="0" weight="1.0"/>
		</spawn>
		<spawn x="8" y="11">
			<entity type="1500" variant="0" subtype="0" weight="1.0"/>
		</spawn>
		<spawn x="10" y="11">
			<entity type="1500" variant="0" subtype="0" weight="1.0"/>
		</spawn>
		<spawn x="6" y="12">
			<entity type="1500" variant="0" subtype="0" weight="1.0"/>
		</spawn>
	</room>
	<room variant="23760" name="Chess_Board (copy) (4)" type="1" subtype="0" shape="4" width="13" height="14" difficulty="1" weight="0.0">
		<door exists="False" x="-1" y="3"/>
		<door exists="False" x="-1" y="10"/>
		<door exists="False" x="6" y="-1"/>
		<door exists="True" x="6" y="14"/>
		<door exists="False" x="13" y="3"/>
		<door exists="False" x="13" y="10"/>
		<spawn x="0" y="0">
			<entity type="6100" variant="0" subtype="0" weight="1.0"/>
		</spawn>
		<spawn x="12" y="0">
			<entity type="6100" variant="3" subtype="0" weight="1.0"/>
		</spawn>
		<spawn x="0" y="6">
			<entity type="6100" variant="4" subtype="0" weight="1.0"/>
		</spawn>
		<spawn x="12" y="6">
			<entity type="6100" variant="5" subtype="0" weight="1.0"/>
		</spawn>
		<spawn x="0" y="7">
			<entity type="6100" variant="5" subtype="0" weight="1.0"/>
		</spawn>
		<spawn x="12" y="7">
			<entity type="6100" variant="4" subtype="0" weight="1.0"/>
		</spawn>
		<spawn x="0" y="13">
			<entity type="6100" variant="3" subtype="0" weight="1.0"/>
		</spawn>
		<spawn x="12" y="13">
			<entity type="6100" variant="0" subtype="0" weight="1.0"/>
		</spawn>
	</room>
	<room variant="23761" name="Chess_Board (copy) (5)" type="1" subtype="0" shape="4" width="13" height="14" difficulty="1" weight="0.0">
		<door exists="False" x="-1" y="3"/>
		<door exists="False" x="-1" y="10"/>
		<door exists="False" x="6" y="-1"/>
		<door exists="True" x="6" y="14"/>
		<door exists="False" x="13" y="3"/>
		<door exists="False" x="13" y="10"/>
		<spawn x="6" y="0">
			<entity type="17" variant="4" subtype="0" weight="1.0"/>
		</spawn>
		<spawn x="2" y="1">
			<entity type="17" variant="4" subtype="0" weight="1.0"/>
		</spawn>
		<spawn x="10" y="1">
			<entity type="17" variant="4" subtype="0" weight="1.0"/>
		</spawn>
		<spawn x="1" y="4">
			<entity type="17" variant="4" subtype="0" weight="1.0"/>
		</spawn>
		<spawn x="11" y="4">
			<entity type="17" variant="4" subtype="0" weight="1.0"/>
		</spawn>
	</room>
	<room variant="23762" name="Chess_Board (copy) (6)" type="1" subtype="0" shape="4" width="13" height="14" difficulty="1" weight="0.0">
		<door exists="False" x="-1" y="3"/>
		<door exists="False" x="-1" y="10"/>
		<door exists="False" x="6" y="-1"/>
		<door exists="True" x="6" y="14"/>
		<door exists="False" x="13" y="3"/>
		<door exists="False" x="13" y="10"/>
		<spawn x="2" y="2">
			<entity type="1940" variant="0" subtype="0" weight="1.0"/>
		</spawn>
		<spawn x="3" y="2">
			<entity type="1940" variant="0" subtype="0" weight="1.0"/>
		</spawn>
		<spawn x="9" y="2">
			<entity type="1940" variant="0" subtype="0" weight="1.0"/>
		</spawn>
		<spawn x="10" y="2">
			<entity type="1940" variant="0" subtype="0" weight="1.0"/>
		</spawn>
		<spawn x="1" y="3">
			<entity type="1940" variant="0" subtype="0" weight="1.0"/>
		</spawn>
		<spawn x="2" y="3">
			<entity type="1940" variant="0" subtype="0" weight="1.0"/>
		</spawn>
		<spawn x="3" y="3">
			<entity type="1940" variant="0" subtype="0" weight="1.0"/>
		</spawn>
		<spawn x="4" y="3">
			<entity type="1940" variant="0" subtype="0" weight="1.0"/>
		</spawn>
		<spawn x="8" y="3">
			<entity type="1940" variant="0" subtype="0" weight="1.0"/>
		</spawn>
		<spawn x="9" y="3">
			<entity type="1940" variant="0" subtype="0" weight="1.0"/>
		</spawn>
		<spawn x="10" y="3">
			<entity type="1940" variant="0" subtype="0" weight="1.0"/>
		</spawn>
		<spawn x="11" y="3">
			<entity type="1940" variant="0" subtype="0" weight="1.0"/>
		</spawn>
		<spawn x="2" y="4">
			<entity type="1940" variant="0" subtype="0" weight="1.0"/>
		</spawn>
		<spawn x="3" y="4">
			<entity type="1940" variant="0" subtype="0" weight="1.0"/>
		</spawn>
		<spawn x="4" y="4">
			<entity type="1940" variant="0" subtype="0" weight="1.0"/>
		</spawn>
		<spawn x="5" y="4">
			<entity type="1940" variant="0" subtype="0" weight="1.0"/>
		</spawn>
		<spawn x="7" y="4">
			<entity type="1940" variant="0" subtype="0" weight="1.0"/>
		</spawn>
		<spawn x="8" y="4">
			<entity type="1940" variant="0" subtype="0" weight="1.0"/>
		</spawn>
		<spawn x="9" y="4">
			<entity type="1940" variant="0" subtype="0" weight="1.0"/>
		</spawn>
		<spawn x="10" y="4">
			<entity type="1940" variant="0" subtype="0" weight="1.0"/>
		</spawn>
		<spawn x="3" y="5">
			<entity type="1940" variant="0" subtype="0" weight="1.0"/>
		</spawn>
		<spawn x="4" y="5">
			<entity type="1940" variant="0" subtype="0" weight="1.0"/>
		</spawn>
		<spawn x="5" y="5">
			<entity type="1940" variant="0" subtype="0" weight="1.0"/>
		</spawn>
		<spawn x="6" y="5">
			<entity type="1940" variant="0" subtype="0" weight="1.0"/>
		</spawn>
		<spawn x="7" y="5">
			<entity type="1940" variant="0" subtype="0" weight="1.0"/>
		</spawn>
		<spawn x="8" y="5">
			<entity type="1940" variant="0" subtype="0" weight="1.0"/>
		</spawn>
		<spawn x="9" y="5">
			<entity type="1940" variant="0" subtype="0" weight="1.0"/>
		</spawn>
		<spawn x="4" y="6">
			<entity type="1940" variant="0" subtype="0" weight="1.0"/>
		</spawn>
		<spawn x="5" y="6">
			<entity type="1940" variant="0" subtype="0" weight="1.0"/>
		</spawn>
		<spawn x="6" y="6">
			<entity type="1940" variant="0" subtype="0" weight="1.0"/>
		</spawn>
		<spawn x="7" y="6">
			<entity type="1940" variant="0" subtype="0" weight="1.0"/>
		</spawn>
		<spawn x="8" y="6">
			<entity type="1940" variant="0" subtype="0" weight="1.0"/>
		</spawn>
		<spawn x="4" y="7">
			<entity type="1940" variant="0" subtype="0" weight="1.0"/>
		</spawn>
		<spawn x="5" y="7">
			<entity type="1940" variant="0" subtype="0" weight="1.0"/>
		</spawn>
		<spawn x="6" y="7">
			<entity type="1940" variant="0" subtype="0" weight="1.0"/>
		</spawn>
		<spawn x="7" y="7">
			<entity type="1940" variant="0" subtype="0" weight="1.0"/>
		</spawn>
		<spawn x="8" y="7">
			<entity type="1940" variant="0" subtype="0" weight="1.0"/>
		</spawn>
		<spawn x="3" y="8">
			<entity type="1940" variant="0" subtype="0" weight="1.0"/>
		</spawn>
		<spawn x="4" y="8">
			<entity type="1940" variant="0" subtype="0" weight="1.0"/>
		</spawn>
		<spawn x="5" y="8">
			<entity type="1940" variant="0" subtype="0" weight="1.0"/>
		</spawn>
		<spawn x="6" y="8">
			<entity type="1940" variant="0" subtype="0" weight="1.0"/>
		</spawn>
		<spawn x="7" y="8">
			<entity type="1940" variant="0" subtype="0" weight="1.0"/>
		</spawn>
		<spawn x="8" y="8">
			<entity type="1940" variant="0" subtype="0" weight="1.0"/>
		</spawn>
		<spawn x="9" y="8">
			<entity type="1940" variant="0" subtype="0" weight="1.0"/>
		</spawn>
		<spawn x="2" y="9">
			<entity type="1940" variant="0" subtype="0" weight="1.0"/>
		</spawn>
		<spawn x="3" y="9">
			<entity type="1940" variant="0" subtype="0" weight="1.0"/>
		</spawn>
		<spawn x="4" y="9">
			<entity type="1940" variant="0" subtype="0" weight="1.0"/>
		</spawn>
		<spawn x="5" y="9">
			<entity type="1940" variant="0" subtype="0" weight="1.0"/>
		</spawn>
		<spawn x="7" y="9">
			<entity type="1940" variant="0" subtype="0" weight="1.0"/>
		</spawn>
		<spawn x="8" y="9">
			<entity type="1940" variant="0" subtype="0" weight="1.0"/>
		</spawn>
		<spawn x="9" y="9">
			<entity type="1940" variant="0" subtype="0" weight="1.0"/>
		</spawn>
		<spawn x="10" y="9">
			<entity type="1940" variant="0" subtype="0" weight="1.0"/>
		</spawn>
		<spawn x="1" y="10">
			<entity type="1940" variant="0" subtype="0" weight="1.0"/>
		</spawn>
		<spawn x="2" y="10">
			<entity type="1940" variant="0" subtype="0" weight="1.0"/>
		</spawn>
		<spawn x="3" y="10">
			<entity type="1940" variant="0" subtype="0" weight="1.0"/>
		</spawn>
		<spawn x="4" y="10">
			<entity type="1940" variant="0" subtype="0" weight="1.0"/>
		</spawn>
		<spawn x="8" y="10">
			<entity type="1940" variant="0" subtype="0" weight="1.0"/>
		</spawn>
		<spawn x="9" y="10">
			<entity type="1940" variant="0" subtype="0" weight="1.0"/>
		</spawn>
		<spawn x="10" y="10">
			<entity type="1940" variant="0" subtype="0" weight="1.0"/>
		</spawn>
		<spawn x="11" y="10">
			<entity type="1940" variant="0" subtype="0" weight="1.0"/>
		</spawn>
		<spawn x="2" y="11">
			<entity type="1940" variant="0" subtype="0" weight="1.0"/>
		</spawn>
		<spawn x="3" y="11">
			<entity type="1940" variant="0" subtype="0" weight="1.0"/>
		</spawn>
		<spawn x="9" y="11">
			<entity type="1940" variant="0" subtype="0" weight="1.0"/>
		</spawn>
	</room>
	<room variant="23755" name="Chess_Board (copy)" type="1" subtype="0" shape="4" width="13" height="14" difficulty="1" weight="0.0">
		<door exists="False" x="-1" y="3"/>
		<door exists="False" x="-1" y="10"/>
		<door exists="False" x="6" y="-1"/>
		<door exists="True" x="6" y="14"/>
		<door exists="False" x="13" y="3"/>
		<door exists="False" x="13" y="10"/>
		<spawn x="2" y="0">
			<entity type="1930" variant="0" subtype="0" weight="1.0"/>
		</spawn>
		<spawn x="10" y="0">
			<entity type="1930" variant="0" subtype="0" weight="1.0"/>
		</spawn>
		<spawn x="1" y="1">
			<entity type="1930" variant="0" subtype="0" weight="1.0"/>
		</spawn>
		<spawn x="11" y="1">
			<entity type="1930" variant="0" subtype="0" weight="1.0"/>
		</spawn>
		<spawn x="2" y="12">
			<entity type="1930" variant="0" subtype="0" weight="1.0"/>
		</spawn>
		<spawn x="10" y="12">
			<entity type="1930" variant="0" subtype="0" weight="1.0"/>
		</spawn>
		<spawn x="3" y="13">
			<entity type="1930" variant="0" subtype="0" weight="1.0"/>
		</spawn>
		<spawn x="9" y="13">
			<entity type="1930" variant="0" subtype="0" weight="1.0"/>
		</spawn>
	</room>
	<room variant="23752" name="Chess_Board (copy)" type="1" subtype="0" shape="4" width="13" height="14" difficulty="1" weight="0.0">
		<door exists="False" x="-1" y="3"/>
		<door exists="False" x="-1" y="10"/>
		<door exists="False" x="6" y="-1"/>
		<door exists="True" x="6" y="14"/>
		<door exists="False" x="13" y="3"/>
		<door exists="False" x="13" y="10"/>
		<spawn x="2" y="2">
			<entity type="1000" variant="0" subtype="0" weight="1.0"/>
		</spawn>
		<spawn x="10" y="2">
			<entity type="1000" variant="0" subtype="0" weight="1.0"/>
		</spawn>
		<spawn x="4" y="4">
			<entity type="1000" variant="0" subtype="0" weight="1.0"/>
		</spawn>
		<spawn x="8" y="4">
			<entity type="1000" variant="0" subtype="0" weight="1.0"/>
		</spawn>
		<spawn x="0" y="6">
			<entity type="3000" variant="0" subtype="0" weight="1.0"/>
		</spawn>
		<spawn x="1" y="6">
			<entity type="3000" variant="0" subtype="0" weight="1.0"/>
		</spawn>
		<spawn x="2" y="6">
			<entity type="3000" variant="0" subtype="0" weight="1.0"/>
		</spawn>
		<spawn x="4" y="6">
			<entity type="3000" variant="0" subtype="0" weight="1.0"/>
		</spawn>
		<spawn x="5" y="6">
			<entity type="3000" variant="0" subtype="0" weight="1.0"/>
		</spawn>
		<spawn x="6" y="6">
			<entity type="3000" variant="0" subtype="0" weight="1.0"/>
		</spawn>
		<spawn x="7" y="6">
			<entity type="3000" variant="0" subtype="0" weight="1.0"/>
		</spawn>
		<spawn x="8" y="6">
			<entity type="3000" variant="0" subtype="0" weight="1.0"/>
		</spawn>
		<spawn x="10" y="6">
			<entity type="3000" variant="0" subtype="0" weight="1.0"/>
		</spawn>
		<spawn x="11" y="6">
			<entity type="3000" variant="0" subtype="0" weight="1.0"/>
		</spawn>
		<spawn x="12" y="6">
			<entity type="3000" variant="0" subtype="0" weight="1.0"/>
		</spawn>
		<spawn x="0" y="7">
			<entity type="3000" variant="0" subtype="0" weight="1.0"/>
		</spawn>
		<spawn x="1" y="7">
			<entity type="3000" variant="0" subtype="0" weight="1.0"/>
		</spawn>
		<spawn x="2" y="7">
			<entity type="3000" variant="0" subtype="0" weight="1.0"/>
		</spawn>
		<spawn x="4" y="7">
			<entity type="3000" variant="0" subtype="0" weight="1.0"/>
		</spawn>
		<spawn x="5" y="7">
			<entity type="3000" variant="0" subtype="0" weight="1.0"/>
		</spawn>
		<spawn x="6" y="7">
			<entity type="3000" variant="0" subtype="0" weight="1.0"/>
		</spawn>
		<spawn x="7" y="7">
			<entity type="3000" variant="0" subtype="0" weight="1.0"/>
		</spawn>
		<spawn x="8" y="7">
			<entity type="3000" variant="0" subtype="0" weight="1.0"/>
		</spawn>
		<spawn x="10" y="7">
			<entity type="3000" variant="0" subtype="0" weight="1.0"/>
		</spawn>
		<spawn x="11" y="7">
			<entity type="3000" variant="0" subtype="0" weight="1.0"/>
		</spawn>
		<spawn x="12" y="7">
			<entity type="3000" variant="0" subtype="0" weight="1.0"/>
		</spawn>
		<spawn x="4" y="9">
			<entity type="1000" variant="0" subtype="0" weight="1.0"/>
		</spawn>
		<spawn x="8" y="9">
			<entity type="1000" variant="0" subtype="0" weight="1.0"/>
		</spawn>
		<spawn x="2" y="11">
			<entity type="1000" variant="0" subtype="0" weight="1.0"/>
		</spawn>
		<spawn x="10" y="11">
			<entity type="1000" variant="0" subtype="0" weight="1.0"/>
		</spawn>
	</room>
	<room variant="23753" name="Chess_Board (copy)" type="1" subtype="0" shape="4" width="13" height="14" difficulty="1" weight="0.0">
		<door exists="False" x="-1" y="3"/>
		<door exists="False" x="-1" y="10"/>
		<door exists="False" x="6" y="-1"/>
		<door exists="True" x="6" y="14"/>
		<door exists="False" x="13" y="3"/>
		<door exists="False" x="13" y="10"/>
	</room>
	<room variant="23800" name="Treasure_Room" type="9" subtype="0" shape="4" width="13" height="14" difficulty="1" weight="1.0">
		<door exists="False" x="-1" y="3"/>
		<door exists="False" x="-1" y="10"/>
		<door exists="True" x="6" y="-1"/>
		<door exists="False" x="6" y="14"/>
		<door exists="False" x="13" y="3"/>
		<door exists="False" x="13" y="10"/>
	</room>
	<room variant="23790" name="Unseemed Limit" type="29" subtype="0" shape="8" width="26" height="14" difficulty="1" weight="0.0">
		<door exists="True" x="-1" y="3"/>
		<door exists="True" x="-1" y="10"/>
		<door exists="False" x="6" y="-1"/>
		<door exists="False" x="6" y="14"/>
		<door exists="False" x="19" y="-1"/>
		<door exists="False" x="19" y="14"/>
		<door exists="True" x="26" y="3"/>
		<door exists="True" x="26" y="10"/>
	</room>
</rooms>
